GeoFIPS,GeoName,Region,TableName,LineCode,IndustryClassification,Description,Unit,2008,2009,2010,2011,2012,2013,2014,2015,2016,2017,2018,2019,2020
 "00999","United States (Nonmetropolitan Portion)", ,MAIRPD,1,"...","Implicit regional price deflator","Index",82.185,82.196,85.449,87.342,89.077,90.638,91.833,91.841,91.860,93.238,96.929,98.489,98.996
 "10180","Abilene, TX (Metropolitan Statistical Area)", ,MAIRPD,1,"...","Implicit regional price deflator","Index",88.177,85.689,90.831,92.075,94.444,93.568,98.268,97.161,98.876,100.475,101.593,102.079,105.044
 "10420","Akron, OH (Metropolitan Statistical Area)", ,MAIRPD,1,"...","Implicit regional price deflator","Index",87.019,89.597,90.074,92.443,96.010,97.278,98.862,98.288,98.953,101.492,102.095,103.863,103.398
 "10500","Albany, GA (Metropolitan Statistical Area)", ,MAIRPD,1,"...","Implicit regional price deflator","Index",82.287,82.317,84.831,87.381,88.596,90.345,91.818,92.168,93.953,93.839,95.056,93.889,94.126
 "10540","Albany-Lebanon, OR (Metropolitan Statistical Area)", ,MAIRPD,1,"...","Implicit regional price deflator","Index",94.550,94.126,91.840,94.526,97.169,99.129,101.503,102.439,103.648,106.066,111.894,112.746,113.079
 "10580","Albany-Schenectady-Troy, NY (Metropolitan Statistical Area)", ,MAIRPD,1,"...","Implicit regional price deflator","Index",96.028,95.099,95.723,98.242,99.749,101.839,101.528,104.460,104.804,106.876,107.852,109.253,111.555
 "10740","Albuquerque, NM (Metropolitan Statistical Area)", ,MAIRPD,1,"...","Implicit regional price deflator","Index",91.208,93.172,92.972,98.010,99.479,99.467,100.995,99.125,100.052,104.078,101.950,105.406,104.873
 "10780","Alexandria, LA (Metropolitan Statistical Area)", ,MAIRPD,1,"...","Implicit regional price deflator","Index",85.997,83.509,87.266,87.604,92.719,94.291,95.319,95.592,97.836,97.316,96.886,99.942,102.088
 "10900","Allentown-Bethlehem-Easton, PA-NJ (Metropolitan Statistical Area)", ,MAIRPD,1,"...","Implicit regional price deflator","Index",95.392,96.035,95.735,97.719,100.283,102.560,102.138,104.167,105.294,106.966,107.533,108.393,110.250
 "11020","Altoona, PA (Metropolitan Statistical Area)", ,MAIRPD,1,"...","Implicit regional price deflator","Index",86.645,85.909,89.980,90.968,92.061,93.388,91.386,92.928,95.787,97.248,99.214,98.962,100.270
 "11100","Amarillo, TX (Metropolitan Statistical Area)", ,MAIRPD,1,"...","Implicit regional price deflator","Index",90.694,88.813,91.143,95.245,96.871,98.433,99.666,100.311,101.544,102.464,101.732,104.291,106.967
 "11180","Ames, IA (Metropolitan Statistical Area)", ,MAIRPD,1,"...","Implicit regional price deflator","Index",80.223,84.956,90.086,90.881,92.907,95.773,96.293,94.772,94.919,96.564,103.238,104.882,105.413
 "11260","Anchorage, AK (Metropolitan Statistical Area)", ,MAIRPD,1,"...","Implicit regional price deflator","Index",102.016,105.103,101.755,105.698,107.543,106.473,108.246,109.120,112.682,114.578,115.357,114.660,115.986
 "11460","Ann Arbor, MI (Metropolitan Statistical Area)", ,MAIRPD,1,"...","Implicit regional price deflator","Index",96.569,95.329,96.024,98.536,100.563,101.653,104.465,102.538,102.336,104.340,107.160,110.134,110.141
 "11500","Anniston-Oxford, AL (Metropolitan Statistical Area)", ,MAIRPD,1,"...","Implicit regional price deflator","Index",82.709,79.471,85.135,87.702,91.051,90.674,90.133,93.327,95.512,94.399,90.828,96.740,98.366
 "11540","Appleton, WI (Metropolitan Statistical Area)", ,MAIRPD,1,"...","Implicit regional price deflator","Index",90.921,88.837,90.792,92.405,94.461,95.547,97.464,96.587,96.852,97.479,101.753,103.250,102.842
 "11700","Asheville, NC (Metropolitan Statistical Area)", ,MAIRPD,1,"...","Implicit regional price deflator","Index",88.360,87.152,89.638,92.777,94.566,96.106,97.420,96.631,99.271,99.997,101.283,101.480,102.431
 "12020","Athens-Clarke County, GA (Metropolitan Statistical Area)", ,MAIRPD,1,"...","Implicit regional price deflator","Index",89.797,88.484,90.783,92.845,93.521,94.741,96.385,95.754,98.158,99.623,98.521,99.565,100.207
 "12060","Atlanta-Sandy Springs-Alpharetta, GA (Metropolitan Statistical Area)", ,MAIRPD,1,"...","Implicit regional price deflator","Index",92.770,89.625,94.368,94.851,99.482,99.966,101.691,101.379,102.940,105.527,106.529,108.071,109.175
 "12100","Atlantic City-Hammonton, NJ (Metropolitan Statistical Area)", ,MAIRPD,1,"...","Implicit regional price deflator","Index",102.973,100.663,101.775,104.071,105.164,103.513,105.453,106.753,106.601,106.015,107.814,106.987,108.919
 "12220","Auburn-Opelika, AL (Metropolitan Statistical Area)", ,MAIRPD,1,"...","Implicit regional price deflator","Index",86.797,85.016,87.887,91.563,91.507,94.019,94.868,92.167,94.686,95.341,96.954,100.607,101.688
 "12260","Augusta-Richmond County, GA-SC (Metropolitan Statistical Area)", ,MAIRPD,1,"...","Implicit regional price deflator","Index",86.109,85.454,88.831,92.020,93.950,95.463,95.534,96.905,98.352,98.895,99.449,100.436,101.154
 "12420","Austin-Round Rock-Georgetown, TX (Metropolitan Statistical Area)", ,MAIRPD,1,"...","Implicit regional price deflator","Index",94.414,93.514,96.141,98.952,101.304,102.806,104.720,105.400,107.282,108.721,108.057,109.892,113.224
 "12540","Bakersfield, CA (Metropolitan Statistical Area)", ,MAIRPD,1,"...","Implicit regional price deflator","Index",90.916,93.475,93.038,97.234,99.637,99.807,100.536,99.664,99.622,103.656,108.962,110.138,110.315
 "12580","Baltimore-Columbia-Towson, MD (Metropolitan Statistical Area)", ,MAIRPD,1,"...","Implicit regional price deflator","Index",99.942,102.598,101.464,106.941,106.317,107.940,108.756,109.256,110.349,113.987,113.688,113.977,117.242
 "12620","Bangor, ME (Metropolitan Statistical Area)", ,MAIRPD,1,"...","Implicit regional price deflator","Index",90.734,89.482,91.078,93.512,95.200,98.618,95.328,98.045,96.735,102.222,102.942,105.880,107.530
 "12700","Barnstable Town, MA (Metropolitan Statistical Area)", ,MAIRPD,1,"...","Implicit regional price deflator","Index",100.798,98.380,99.449,101.565,103.008,104.903,106.628,107.840,110.284,112.599,111.999,116.240,118.995
 "12940","Baton Rouge, LA (Metropolitan Statistical Area)", ,MAIRPD,1,"...","Implicit regional price deflator","Index",89.193,88.320,91.106,94.352,95.778,96.844,98.827,98.856,100.370,100.478,101.982,102.920,105.299
 "12980","Battle Creek, MI (Metropolitan Statistical Area)", ,MAIRPD,1,"...","Implicit regional price deflator","Index",89.874,88.609,89.269,90.147,93.437,95.324,97.223,95.077,97.224,96.172,99.053,101.947,101.345
 "13020","Bay City, MI (Metropolitan Statistical Area)", ,MAIRPD,1,"...","Implicit regional price deflator","Index",89.005,88.517,88.585,91.402,93.342,94.163,96.068,93.268,95.382,95.145,98.204,102.030,101.578
 "13140","Beaumont-Port Arthur, TX (Metropolitan Statistical Area)", ,MAIRPD,1,"...","Implicit regional price deflator","Index",88.452,87.176,89.622,93.666,93.785,95.624,96.976,96.919,98.972,98.858,98.619,101.286,103.945
 "13220","Beckley, WV (Metropolitan Statistical Area)", ,MAIRPD,1,"...","Implicit regional price deflator","Index",79.923,74.251,81.482,81.918,83.684,88.769,90.266,90.438,88.086,88.274,92.422,95.283,95.879
 "13380","Bellingham, WA (Metropolitan Statistical Area)", ,MAIRPD,1,"...","Implicit regional price deflator","Index",91.316,95.661,95.242,101.427,101.110,100.905,104.180,103.197,103.607,107.394,113.403,113.113,113.771
 "13460","Bend, OR (Metropolitan Statistical Area)", ,MAIRPD,1,"...","Implicit regional price deflator","Index",94.635,93.611,92.848,94.730,96.557,98.091,101.522,104.119,106.000,108.824,111.972,113.316,113.689
 "13740","Billings, MT (Metropolitan Statistical Area)", ,MAIRPD,1,"...","Implicit regional price deflator","Index",90.205,90.998,90.299,96.105,97.580,97.747,99.672,100.839,98.525,102.788,101.787,104.907,104.254
 "13780","Binghamton, NY (Metropolitan Statistical Area)", ,MAIRPD,1,"...","Implicit regional price deflator","Index",91.761,91.301,92.615,94.798,95.362,97.707,97.165,100.358,101.031,102.547,103.293,103.853,105.344
 "13820","Birmingham-Hoover, AL (Metropolitan Statistical Area)", ,MAIRPD,1,"...","Implicit regional price deflator","Index",88.413,87.440,90.667,93.532,95.004,96.325,97.825,97.075,99.228,99.794,99.242,101.537,103.045
 "13900","Bismarck, ND (Metropolitan Statistical Area)", ,MAIRPD,1,"...","Implicit regional price deflator","Index",86.991,88.023,88.204,89.343,95.784,98.399,100.231,99.572,100.290,98.571,101.156,103.698,104.819
 "13980","Blacksburg-Christiansburg, VA (Metropolitan Statistical Area)", ,MAIRPD,1,"...","Implicit regional price deflator","Index",85.529,83.921,87.860,90.704,91.136,94.439,95.373,95.858,94.753,94.852,101.825,100.791,101.750
 "14010","Bloomington, IL (Metropolitan Statistical Area)", ,MAIRPD,1,"...","Implicit regional price deflator","Index",91.264,91.185,92.905,93.379,96.015,96.727,99.410,98.683,98.951,99.002,103.246,105.145,104.770
 "14020","Bloomington, IN (Metropolitan Statistical Area)", ,MAIRPD,1,"...","Implicit regional price deflator","Index",89.359,90.991,91.429,94.403,95.300,96.665,98.913,97.585,97.750,99.189,101.734,104.819,104.905
 "14100","Bloomsburg-Berwick, PA (Metropolitan Statistical Area)", ,MAIRPD,1,"...","Implicit regional price deflator","Index",89.026,88.596,89.765,91.040,93.158,95.930,94.722,97.207,97.275,100.485,100.707,101.612,102.693
 "14260","Boise City, ID (Metropolitan Statistical Area)", ,MAIRPD,1,"...","Implicit regional price deflator","Index",89.342,92.096,91.538,95.262,96.623,96.661,98.848,97.612,97.263,102.025,101.109,104.749,103.967
 "14460","Boston-Cambridge-Newton, MA-NH (Metropolitan Statistical Area)", ,MAIRPD,1,"...","Implicit regional price deflator","Index",101.089,99.522,101.310,103.858,105.077,104.911,108.699,108.969,113.820,114.163,118.599,120.403,122.589
 "14500","Boulder, CO (Metropolitan Statistical Area)", ,MAIRPD,1,"...","Implicit regional price deflator","Index",101.389,99.147,99.335,104.116,107.233,108.198,108.783,109.560,109.385,111.122,109.926,114.709,114.093
 "14540","Bowling Green, KY (Metropolitan Statistical Area)", ,MAIRPD,1,"...","Implicit regional price deflator","Index",81.758,80.539,85.595,86.329,88.306,91.966,91.985,92.045,91.095,93.824,94.948,98.191,99.273
 "14740","Bremerton-Silverdale-Port Orchard, WA (Metropolitan Statistical Area)", ,MAIRPD,1,"...","Implicit regional price deflator","Index",100.123,99.287,98.629,101.943,103.593,104.048,107.170,107.093,111.566,114.180,115.168,116.425,117.338
 "14860","Bridgeport-Stamford-Norwalk, CT (Metropolitan Statistical Area)", ,MAIRPD,1,"...","Implicit regional price deflator","Index",108.474,109.027,106.638,111.530,112.647,114.537,116.862,115.394,116.788,117.014,114.620,115.328,117.438
 "15180","Brownsville-Harlingen, TX (Metropolitan Statistical Area)", ,MAIRPD,1,"...","Implicit regional price deflator","Index",82.052,81.246,85.329,88.438,89.809,90.227,92.272,92.544,94.014,94.483,92.963,97.676,99.832
 "15260","Brunswick, GA (Metropolitan Statistical Area)", ,MAIRPD,1,"...","Implicit regional price deflator","Index",84.638,82.765,87.825,88.728,90.469,92.124,93.732,93.492,93.851,95.724,99.182,96.966,97.616
 "15380","Buffalo-Cheektowaga, NY (Metropolitan Statistical Area)", ,MAIRPD,1,"...","Implicit regional price deflator","Index",91.861,91.803,91.446,94.246,95.853,97.877,98.039,100.678,101.477,103.627,103.950,104.733,106.439
 "15500","Burlington, NC (Metropolitan Statistical Area)", ,MAIRPD,1,"...","Implicit regional price deflator","Index",87.698,86.913,88.983,92.470,93.462,95.448,95.939,95.603,97.192,98.109,98.714,99.755,100.448
 "15540","Burlington-South Burlington, VT (Metropolitan Statistical Area)", ,MAIRPD,1,"...","Implicit regional price deflator","Index",97.115,97.760,96.308,99.084,101.348,104.186,104.043,104.955,106.463,110.102,109.770,111.820,113.836
 "15680","California-Lexington Park, MD (Metropolitan Statistical Area)", ,MAIRPD,1,"...","Implicit regional price deflator","Index",92.097,90.687,93.585,97.761,99.375,100.311,102.209,101.831,103.051,100.576,106.292,106.127,107.613
 "15940","Canton-Massillon, OH (Metropolitan Statistical Area)", ,MAIRPD,1,"...","Implicit regional price deflator","Index",87.936,86.813,88.581,89.369,91.849,93.090,94.504,94.168,94.727,95.078,97.396,98.882,98.360
 "15980","Cape Coral-Fort Myers, FL (Metropolitan Statistical Area)", ,MAIRPD,1,"...","Implicit regional price deflator","Index",95.850,93.156,94.595,97.300,98.965,100.226,102.165,103.850,106.563,107.330,108.929,108.594,110.102
 "16020","Cape Girardeau, MO-IL (Metropolitan Statistical Area)", ,MAIRPD,1,"...","Implicit regional price deflator","Index",76.482,78.267,84.609,86.192,89.617,90.396,92.006,89.401,90.370,91.518,94.527,99.363,99.539
 "16060","Carbondale-Marion, IL (Metropolitan Statistical Area)", ,MAIRPD,1,"...","Implicit regional price deflator","Index",76.441,79.471,82.281,87.027,87.968,87.685,89.099,89.228,87.949,87.331,94.583,96.414,96.022
 "16180","Carson City, NV (Metropolitan Statistical Area)", ,MAIRPD,1,"...","Implicit regional price deflator","Index",96.574,93.593,94.462,96.337,96.287,97.800,99.798,102.936,100.363,104.008,104.486,107.671,106.913
 "16220","Casper, WY (Metropolitan Statistical Area)", ,MAIRPD,1,"...","Implicit regional price deflator","Index",87.625,91.520,91.836,96.757,99.156,100.132,101.397,99.552,100.405,102.975,102.984,101.914,101.889
 "16300","Cedar Rapids, IA (Metropolitan Statistical Area)", ,MAIRPD,1,"...","Implicit regional price deflator","Index",88.063,88.049,90.140,91.212,93.727,92.483,96.616,94.871,95.192,97.057,99.899,100.873,100.860
 "16540","Chambersburg-Waynesboro, PA (Metropolitan Statistical Area)", ,MAIRPD,1,"...","Implicit regional price deflator","Index",91.750,91.462,91.746,93.135,96.188,98.635,97.317,100.121,99.380,103.488,103.770,104.107,105.499
 "16580","Champaign-Urbana, IL (Metropolitan Statistical Area)", ,MAIRPD,1,"...","Implicit regional price deflator","Index",91.731,90.851,92.308,93.785,95.009,97.009,98.334,98.103,98.444,99.209,101.502,103.661,103.340
 "16620","Charleston, WV (Metropolitan Statistical Area)", ,MAIRPD,1,"...","Implicit regional price deflator","Index",85.043,84.091,87.544,91.035,92.819,92.260,94.968,94.508,96.029,94.884,98.302,97.885,98.734
 "16700","Charleston-North Charleston, SC (Metropolitan Statistical Area)", ,MAIRPD,1,"...","Implicit regional price deflator","Index",92.100,91.928,94.529,97.812,99.698,101.086,102.930,102.827,104.763,105.762,106.653,107.587,108.615
 "16740","Charlotte-Concord-Gastonia, NC-SC (Metropolitan Statistical Area)", ,MAIRPD,1,"...","Implicit regional price deflator","Index",90.284,88.773,91.913,94.411,96.188,97.722,99.549,99.426,101.454,102.694,103.660,104.295,105.198
 "16820","Charlottesville, VA (Metropolitan Statistical Area)", ,MAIRPD,1,"...","Implicit regional price deflator","Index",94.941,93.206,96.996,100.001,99.237,102.883,102.679,103.520,104.417,106.222,107.688,106.155,107.474
 "16860","Chattanooga, TN-GA (Metropolitan Statistical Area)", ,MAIRPD,1,"...","Implicit regional price deflator","Index",87.497,86.349,90.031,92.580,95.086,95.294,96.359,96.726,98.552,99.212,97.230,101.062,102.365
 "16940","Cheyenne, WY (Metropolitan Statistical Area)", ,MAIRPD,1,"...","Implicit regional price deflator","Index",88.641,92.241,92.480,98.048,98.545,99.056,101.201,100.009,100.278,104.071,101.954,103.917,103.612
 "16980","Chicago-Naperville-Elgin, IL-IN-WI (Metropolitan Statistical Area)", ,MAIRPD,1,"...","Implicit regional price deflator","Index",99.375,100.469,101.613,105.056,105.551,106.188,106.486,106.012,108.524,111.957,113.395,113.523,116.614
 "17020","Chico, CA (Metropolitan Statistical Area)", ,MAIRPD,1,"...","Implicit regional price deflator","Index",92.609,95.450,95.397,98.836,102.308,100.554,101.518,100.315,100.853,105.629,111.861,112.544,112.867
 "17140","Cincinnati, OH-KY-IN (Metropolitan Statistical Area)", ,MAIRPD,1,"...","Implicit regional price deflator","Index",91.594,90.983,90.910,91.639,92.637,94.207,95.166,94.708,97.638,99.082,102.310,104.367,103.968
 "17300","Clarksville, TN-KY (Metropolitan Statistical Area)", ,MAIRPD,1,"...","Implicit regional price deflator","Index",85.272,85.886,88.805,92.809,94.182,95.864,96.318,96.674,98.121,99.174,96.934,99.525,100.942
 "17420","Cleveland, TN (Metropolitan Statistical Area)", ,MAIRPD,1,"...","Implicit regional price deflator","Index",83.476,81.547,84.306,86.186,88.964,91.432,92.293,91.559,92.188,90.634,95.711,96.747,98.220
 "17460","Cleveland-Elyria, OH (Metropolitan Statistical Area)", ,MAIRPD,1,"...","Implicit regional price deflator","Index",87.731,90.511,91.015,94.033,96.259,98.070,99.530,98.956,100.146,101.774,102.819,103.911,103.443
 "17660","Coeur d'Alene, ID (Metropolitan Statistical Area)", ,MAIRPD,1,"...","Implicit regional price deflator","Index",92.237,89.403,88.641,92.559,94.349,97.613,99.983,100.555,100.026,104.022,102.976,102.487,101.841
 "17780","College Station-Bryan, TX (Metropolitan Statistical Area)", ,MAIRPD,1,"...","Implicit regional price deflator","Index",89.931,89.301,92.372,94.752,96.874,97.707,98.891,99.616,100.860,101.581,103.196,103.113,105.746
 "17820","Colorado Springs, CO (Metropolitan Statistical Area)", ,MAIRPD,1,"...","Implicit regional price deflator","Index",92.580,95.339,94.859,100.250,101.750,102.475,103.880,102.375,102.968,108.324,106.147,109.841,108.909
 "17860","Columbia, MO (Metropolitan Statistical Area)", ,MAIRPD,1,"...","Implicit regional price deflator","Index",88.824,88.394,90.052,91.344,94.043,94.836,96.533,95.592,95.651,97.614,100.342,102.701,102.835
 "17900","Columbia, SC (Metropolitan Statistical Area)", ,MAIRPD,1,"...","Implicit regional price deflator","Index",88.766,87.431,90.991,94.090,94.885,96.867,97.450,98.549,99.868,100.095,100.539,100.846,101.559
 "17980","Columbus, GA-AL (Metropolitan Statistical Area)", ,MAIRPD,1,"...","Implicit regional price deflator","Index",84.147,83.666,86.895,90.117,90.864,92.758,95.150,94.547,95.613,96.427,96.281,97.441,98.043
 "18020","Columbus, IN (Metropolitan Statistical Area)", ,MAIRPD,1,"...","Implicit regional price deflator","Index",80.783,80.986,87.653,88.579,92.079,91.513,94.398,90.944,92.221,92.815,101.446,102.896,102.671
 "18140","Columbus, OH (Metropolitan Statistical Area)", ,MAIRPD,1,"...","Implicit regional price deflator","Index",90.782,90.095,91.758,92.562,95.297,96.678,98.195,97.690,98.644,99.375,102.918,105.332,104.807
 "18580","Corpus Christi, TX (Metropolitan Statistical Area)", ,MAIRPD,1,"...","Implicit regional price deflator","Index",91.121,88.627,92.171,93.871,96.527,99.002,99.775,100.405,102.322,103.170,102.136,105.001,107.719
 "18700","Corvallis, OR (Metropolitan Statistical Area)", ,MAIRPD,1,"...","Implicit regional price deflator","Index",94.550,94.126,91.840,94.526,97.169,99.129,101.503,102.439,103.648,106.066,111.894,112.746,113.079
 "18880","Crestview-Fort Walton Beach-Destin, FL (Metropolitan Statistical Area)", ,MAIRPD,1,"...","Implicit regional price deflator","Index",90.452,89.373,92.033,95.594,97.935,98.878,100.713,100.252,101.855,102.295,104.647,105.557,106.821
 "19060","Cumberland, MD-WV (Metropolitan Statistical Area)", ,MAIRPD,1,"...","Implicit regional price deflator","Index",86.203,84.891,86.842,90.807,93.332,91.683,94.910,93.996,96.210,96.426,95.538,96.897,97.959
 "19100","Dallas-Fort Worth-Arlington, TX (Metropolitan Statistical Area)", ,MAIRPD,1,"...","Implicit regional price deflator","Index",95.649,95.775,97.203,98.684,101.162,102.516,103.384,102.710,102.418,105.953,110.078,114.584,116.855
 "19140","Dalton, GA (Metropolitan Statistical Area)", ,MAIRPD,1,"...","Implicit regional price deflator","Index",85.305,82.198,86.822,87.438,89.482,90.454,92.662,92.529,91.842,92.001,97.602,98.064,98.373
 "19180","Danville, IL (Metropolitan Statistical Area)", ,MAIRPD,1,"...","Implicit regional price deflator","Index",77.344,78.316,84.469,84.342,87.543,88.497,90.202,89.280,86.930,88.986,94.726,95.383,94.295
 "19300","Daphne-Fairhope-Foley, AL (Metropolitan Statistical Area)", ,MAIRPD,1,"...","Implicit regional price deflator","Index",90.860,89.977,93.201,94.758,96.635,96.518,98.041,97.451,100.888,101.603,99.688,105.967,107.736
 "19340","Davenport-Moline-Rock Island, IA-IL (Metropolitan Statistical Area)", ,MAIRPD,1,"...","Implicit regional price deflator","Index",89.401,87.900,89.645,91.203,93.869,95.141,95.846,94.747,95.105,95.596,98.722,101.467,101.703
 "19430","Dayton-Kettering, OH (Metropolitan Statistical Area)", ,MAIRPD,1,"...","Implicit regional price deflator","Index",90.456,89.093,90.403,91.160,92.829,95.031,96.169,95.260,96.748,96.987,100.453,101.944,101.421
 "19460","Decatur, AL (Metropolitan Statistical Area)", ,MAIRPD,1,"...","Implicit regional price deflator","Index",85.522,82.265,85.915,90.400,90.280,93.930,94.082,90.595,89.152,93.805,95.104,95.016,95.512
 "19500","Decatur, IL (Metropolitan Statistical Area)", ,MAIRPD,1,"...","Implicit regional price deflator","Index",87.601,86.951,86.798,90.505,91.746,92.812,92.416,92.062,92.192,92.381,97.543,98.499,97.785
 "19660","Deltona-Daytona Beach-Ormond Beach, FL (Metropolitan Statistical Area)", ,MAIRPD,1,"...","Implicit regional price deflator","Index",93.149,91.369,92.678,96.820,98.363,99.256,101.557,101.815,103.148,104.741,105.591,105.465,106.741
 "19740","Denver-Aurora-Lakewood, CO (Metropolitan Statistical Area)", ,MAIRPD,1,"...","Implicit regional price deflator","Index",99.459,96.921,97.094,101.957,104.726,106.417,106.926,107.853,108.765,110.175,110.258,114.205,119.335
 "19780","Des Moines-West Des Moines, IA (Metropolitan Statistical Area)", ,MAIRPD,1,"...","Implicit regional price deflator","Index",90.667,91.126,92.211,93.367,94.996,97.431,99.745,98.617,99.111,99.879,102.650,105.012,105.506
 "19820","Detroit-Warren-Dearborn, MI (Metropolitan Statistical Area)", ,MAIRPD,1,"...","Implicit regional price deflator","Index",94.229,93.827,94.352,96.287,97.434,99.306,101.491,99.699,99.950,101.008,104.693,107.348,107.988
 "20020","Dothan, AL (Metropolitan Statistical Area)", ,MAIRPD,1,"...","Implicit regional price deflator","Index",82.752,81.554,84.784,87.560,88.961,91.510,91.787,91.233,92.723,92.907,92.729,95.707,97.108
 "20100","Dover, DE (Metropolitan Statistical Area)", ,MAIRPD,1,"...","Implicit regional price deflator","Index",91.629,91.296,93.847,97.678,97.457,97.833,101.283,101.501,104.157,101.056,102.251,104.482,105.541
 "20220","Dubuque, IA (Metropolitan Statistical Area)", ,MAIRPD,1,"...","Implicit regional price deflator","Index",88.717,86.413,87.372,89.611,93.520,93.824,96.341,89.367,95.683,96.690,97.606,100.598,101.046
 "20260","Duluth, MN-WI (Metropolitan Statistical Area)", ,MAIRPD,1,"...","Implicit regional price deflator","Index",86.461,87.844,87.498,88.262,91.671,91.185,92.667,91.402,93.035,93.011,99.135,98.586,98.535
 "20500","Durham-Chapel Hill, NC (Metropolitan Statistical Area)", ,MAIRPD,1,"...","Implicit regional price deflator","Index",90.905,89.755,92.813,95.659,96.425,98.162,100.032,100.244,101.140,102.576,103.524,103.438,104.367
 "20700","East Stroudsburg, PA (Metropolitan Statistical Area)", ,MAIRPD,1,"...","Implicit regional price deflator","Index",96.296,93.357,94.910,96.919,97.425,101.895,102.064,102.983,101.979,106.900,106.541,108.970,111.115
 "20740","Eau Claire, WI (Metropolitan Statistical Area)", ,MAIRPD,1,"...","Implicit regional price deflator","Index",90.452,88.275,89.967,91.814,94.066,94.849,96.846,95.187,96.712,96.404,100.756,102.978,102.481
 "20940","El Centro, CA (Metropolitan Statistical Area)", ,MAIRPD,1,"...","Implicit regional price deflator","Index",90.296,89.514,90.317,91.735,92.288,94.334,94.856,95.864,96.526,100.483,101.538,104.220,103.905
 "21060","Elizabethtown-Fort Knox, KY (Metropolitan Statistical Area)", ,MAIRPD,1,"...","Implicit regional price deflator","Index",85.206,83.289,87.577,90.931,89.538,91.085,93.254,92.714,92.331,93.073,95.800,98.745,99.932
 "21140","Elkhart-Goshen, IN (Metropolitan Statistical Area)", ,MAIRPD,1,"...","Implicit regional price deflator","Index",91.595,89.232,90.427,91.445,93.602,94.600,95.646,96.164,95.925,96.507,100.712,102.206,101.854
 "21300","Elmira, NY (Metropolitan Statistical Area)", ,MAIRPD,1,"...","Implicit regional price deflator","Index",90.041,90.556,91.365,94.386,94.835,98.249,99.846,98.919,100.570,103.109,102.774,104.830,106.489
 "21340","El Paso, TX (Metropolitan Statistical Area)", ,MAIRPD,1,"...","Implicit regional price deflator","Index",88.234,87.256,90.632,94.264,95.693,96.415,97.355,97.500,99.337,101.040,99.962,101.160,103.674
 "21420","Enid, OK (Metropolitan Statistical Area) 1/", ,MAIRPD,1,"...","Implicit regional price deflator","Index",(NA),(NA),(NA),(NA),(NA),92.035,93.131,94.530,96.406,97.605,96.527,96.871,99.171
 "21500","Erie, PA (Metropolitan Statistical Area)", ,MAIRPD,1,"...","Implicit regional price deflator","Index",90.296,89.170,91.474,93.044,94.932,98.013,96.765,98.309,98.671,101.774,101.720,103.593,105.031
 "21660","Eugene-Springfield, OR (Metropolitan Statistical Area)", ,MAIRPD,1,"...","Implicit regional price deflator","Index",90.002,93.987,93.663,98.295,99.628,99.444,100.911,100.614,101.392,105.465,110.009,110.863,111.103
 "21780","Evansville, IN-KY (Metropolitan Statistical Area)", ,MAIRPD,1,"...","Implicit regional price deflator","Index",89.548,89.175,90.227,91.328,92.357,93.954,94.923,94.067,95.322,97.153,98.674,100.505,100.120
 "21820","Fairbanks, AK (Metropolitan Statistical Area)", ,MAIRPD,1,"...","Implicit regional price deflator","Index",100.412,98.251,98.611,102.284,100.120,102.336,105.484,107.812,106.272,111.530,115.041,114.115,115.468
 "22020","Fargo, ND-MN (Metropolitan Statistical Area)", ,MAIRPD,1,"...","Implicit regional price deflator","Index",90.432,89.398,90.830,92.027,95.299,96.752,97.585,97.616,98.574,99.472,101.239,103.690,104.547
 "22140","Farmington, NM (Metropolitan Statistical Area)", ,MAIRPD,1,"...","Implicit regional price deflator","Index",91.397,87.087,88.376,90.219,93.526,92.448,97.697,98.487,98.234,102.513,99.568,100.880,100.314
 "22180","Fayetteville, NC (Metropolitan Statistical Area)", ,MAIRPD,1,"...","Implicit regional price deflator","Index",86.798,85.013,88.983,91.941,93.319,94.621,96.318,95.464,96.079,97.222,99.561,99.113,99.876
 "22220","Fayetteville-Springdale-Rogers, AR (Metropolitan Statistical Area)", ,MAIRPD,1,"...","Implicit regional price deflator","Index",88.064,87.113,89.763,93.310,94.928,95.985,96.986,97.521,98.977,100.157,99.564,101.628,103.751
 "22380","Flagstaff, AZ (Metropolitan Statistical Area)", ,MAIRPD,1,"...","Implicit regional price deflator","Index",95.585,95.247,94.718,97.043,99.057,102.189,101.974,106.221,101.130,108.985,106.532,110.980,110.357
 "22420","Flint, MI (Metropolitan Statistical Area)", ,MAIRPD,1,"...","Implicit regional price deflator","Index",90.240,88.807,89.969,91.280,92.639,94.955,96.290,93.945,94.425,94.608,99.106,100.449,99.820
 "22500","Florence, SC (Metropolitan Statistical Area)", ,MAIRPD,1,"...","Implicit regional price deflator","Index",81.513,81.005,84.571,86.769,89.404,90.949,91.994,92.782,94.999,95.622,96.077,97.679,98.014
 "22520","Florence-Muscle Shoals, AL (Metropolitan Statistical Area)", ,MAIRPD,1,"...","Implicit regional price deflator","Index",79.969,80.715,85.198,85.464,88.536,85.709,90.418,91.032,90.602,92.897,90.953,90.922,91.668
 "22540","Fond du Lac, WI (Metropolitan Statistical Area)", ,MAIRPD,1,"...","Implicit regional price deflator","Index",79.283,80.738,85.914,86.672,90.798,93.266,93.975,92.929,91.980,93.418,100.348,102.350,101.829
 "22660","Fort Collins, CO (Metropolitan Statistical Area)", ,MAIRPD,1,"...","Implicit regional price deflator","Index",91.991,95.110,96.627,100.953,103.815,103.474,104.639,104.327,104.859,109.371,108.694,112.077,111.385
 "22900","Fort Smith, AR-OK (Metropolitan Statistical Area)", ,MAIRPD,1,"...","Implicit regional price deflator","Index",85.148,83.323,85.459,88.153,90.223,91.260,93.855,91.100,93.616,94.258,94.489,97.512,99.306
 "23060","Fort Wayne, IN (Metropolitan Statistical Area)", ,MAIRPD,1,"...","Implicit regional price deflator","Index",89.581,87.919,90.094,90.964,92.966,92.922,95.741,95.071,96.662,96.544,100.022,102.059,101.873
 "23420","Fresno, CA (Metropolitan Statistical Area)", ,MAIRPD,1,"...","Implicit regional price deflator","Index",90.741,94.202,93.262,98.153,99.647,99.546,99.969,99.584,99.688,103.536,110.224,110.888,111.042
 "23460","Gadsden, AL (Metropolitan Statistical Area)", ,MAIRPD,1,"...","Implicit regional price deflator","Index",83.738,83.346,85.413,86.730,88.280,90.309,92.971,90.900,91.474,91.667,93.605,93.846,95.105
 "23540","Gainesville, FL (Metropolitan Statistical Area)", ,MAIRPD,1,"...","Implicit regional price deflator","Index",92.050,91.833,92.927,95.729,96.139,97.910,100.000,99.357,100.764,102.407,104.458,103.792,104.933
 "23580","Gainesville, GA (Metropolitan Statistical Area)", ,MAIRPD,1,"...","Implicit regional price deflator","Index",88.302,84.558,90.229,92.393,92.789,94.644,96.272,95.574,96.042,98.296,103.361,102.819,103.494
 "23900","Gettysburg, PA (Metropolitan Statistical Area)", ,MAIRPD,1,"...","Implicit regional price deflator","Index",91.422,92.091,92.806,94.570,95.358,98.429,97.509,99.570,101.173,103.389,104.634,105.617,107.148
 "24020","Glens Falls, NY (Metropolitan Statistical Area)", ,MAIRPD,1,"...","Implicit regional price deflator","Index",93.809,93.621,94.381,95.644,98.160,100.477,97.912,100.101,101.975,105.384,104.154,106.078,107.903
 "24140","Goldsboro, NC (Metropolitan Statistical Area)", ,MAIRPD,1,"...","Implicit regional price deflator","Index",84.368,83.637,87.212,89.308,88.277,94.735,93.904,95.853,97.908,96.487,97.259,98.458,99.152
 "24220","Grand Forks, ND-MN (Metropolitan Statistical Area)", ,MAIRPD,1,"...","Implicit regional price deflator","Index",89.108,88.283,89.651,90.793,92.720,96.101,97.108,97.685,97.050,97.020,100.429,102.015,102.564
 "24260","Grand Island, NE (Metropolitan Statistical Area)", ,MAIRPD,1,"...","Implicit regional price deflator","Index",78.904,77.801,85.325,88.460,88.893,90.575,89.559,91.029,90.770,91.609,96.530,100.127,100.715
 "24300","Grand Junction, CO (Metropolitan Statistical Area)", ,MAIRPD,1,"...","Implicit regional price deflator","Index",95.851,93.467,91.533,95.641,95.204,97.330,100.243,101.274,101.004,103.244,100.590,106.359,105.350
 "24340","Grand Rapids-Kentwood, MI (Metropolitan Statistical Area)", ,MAIRPD,1,"...","Implicit regional price deflator","Index",90.759,90.526,91.393,92.859,95.029,96.800,98.088,97.460,99.286,99.137,102.370,105.708,105.366
 "24420","Grants Pass, OR (Metropolitan Statistical Area)", ,MAIRPD,1,"...","Implicit regional price deflator","Index",91.236,89.445,90.135,93.128,94.191,95.973,97.181,98.873,98.594,101.423,106.472,108.966,109.052
 "24500","Great Falls, MT (Metropolitan Statistical Area)", ,MAIRPD,1,"...","Implicit regional price deflator","Index",84.220,87.308,85.764,91.554,94.582,94.649,94.514,94.333,93.966,98.147,98.943,96.537,95.981
 "24540","Greeley, CO (Metropolitan Statistical Area)", ,MAIRPD,1,"...","Implicit regional price deflator","Index",96.167,92.787,92.051,96.711,100.606,101.917,103.400,103.704,104.311,105.620,104.937,110.231,109.399
 "24580","Green Bay, WI (Metropolitan Statistical Area)", ,MAIRPD,1,"...","Implicit regional price deflator","Index",89.166,88.616,90.300,92.136,94.061,95.193,96.008,95.208,95.866,96.546,100.719,102.297,101.979
 "24660","Greensboro-High Point, NC (Metropolitan Statistical Area)", ,MAIRPD,1,"...","Implicit regional price deflator","Index",87.941,85.969,88.939,92.170,93.640,94.606,97.042,97.165,97.329,98.519,100.224,99.822,100.545
 "24780","Greenville, NC (Metropolitan Statistical Area)", ,MAIRPD,1,"...","Implicit regional price deflator","Index",86.301,85.504,89.561,91.365,93.041,94.427,95.158,94.689,97.176,98.187,96.587,99.900,100.617
 "24860","Greenville-Anderson, SC (Metropolitan Statistical Area)", ,MAIRPD,1,"...","Implicit regional price deflator","Index",86.984,86.291,89.458,92.507,93.294,94.834,95.782,96.606,98.419,99.551,100.185,100.559,101.269
 "25060","Gulfport-Biloxi, MS (Metropolitan Statistical Area)", ,MAIRPD,1,"...","Implicit regional price deflator","Index",90.727,88.022,90.689,93.495,95.160,95.512,97.663,96.565,97.909,98.370,96.577,99.804,101.003
 "25180","Hagerstown-Martinsburg, MD-WV (Metropolitan Statistical Area)", ,MAIRPD,1,"...","Implicit regional price deflator","Index",94.987,94.913,94.720,98.760,99.490,101.172,102.205,103.572,103.653,103.888,100.740,101.217,102.220
 "25220","Hammond, LA (Metropolitan Statistical Area)", ,MAIRPD,1,"...","Implicit regional price deflator","Index",85.102,82.108,87.751,89.256,88.857,90.767,91.222,92.719,92.874,93.799,97.185,99.078,100.931
 "25260","Hanford-Corcoran, CA (Metropolitan Statistical Area)", ,MAIRPD,1,"...","Implicit regional price deflator","Index",94.702,90.859,91.412,95.552,94.297,95.577,95.865,100.040,99.500,102.000,108.425,106.868,106.864
 "25420","Harrisburg-Carlisle, PA (Metropolitan Statistical Area)", ,MAIRPD,1,"...","Implicit regional price deflator","Index",93.695,93.593,93.250,95.743,97.059,99.817,99.249,101.417,102.537,104.899,105.702,105.693,107.310
 "25500","Harrisonburg, VA (Metropolitan Statistical Area)", ,MAIRPD,1,"...","Implicit regional price deflator","Index",87.661,86.625,89.328,91.745,94.371,96.153,95.910,95.578,95.696,97.364,101.930,103.020,103.959
 "25540","Hartford-East Hartford-Middletown, CT (Metropolitan Statistical Area)", ,MAIRPD,1,"...","Implicit regional price deflator","Index",98.036,97.659,97.804,100.080,101.520,103.481,104.084,105.728,106.497,109.834,110.332,112.484,114.430
 "25620","Hattiesburg, MS (Metropolitan Statistical Area)", ,MAIRPD,1,"...","Implicit regional price deflator","Index",84.910,81.514,86.178,88.994,88.910,91.266,92.503,91.020,92.286,92.850,95.040,98.221,99.448
 "25860","Hickory-Lenoir-Morganton, NC (Metropolitan Statistical Area)", ,MAIRPD,1,"...","Implicit regional price deflator","Index",85.660,85.435,87.907,90.889,91.100,92.215,93.767,92.497,95.486,96.950,97.003,96.750,97.500
 "25940","Hilton Head Island-Bluffton, SC (Metropolitan Statistical Area)", ,MAIRPD,1,"...","Implicit regional price deflator","Index",91.212,89.240,92.219,92.306,95.190,97.663,99.085,98.680,100.577,100.010,104.543,107.891,108.983
 "25980","Hinesville, GA (Metropolitan Statistical Area)", ,MAIRPD,1,"...","Implicit regional price deflator","Index",86.902,82.973,89.870,91.205,93.494,94.991,96.846,95.133,97.456,96.806,103.299,103.193,104.065
 "26140","Homosassa Springs, FL (Metropolitan Statistical Area)", ,MAIRPD,1,"...","Implicit regional price deflator","Index",85.560,86.351,88.782,89.478,92.856,94.536,94.813,94.187,95.743,95.150,101.830,101.717,102.681
 "26300","Hot Springs, AR (Metropolitan Statistical Area)", ,MAIRPD,1,"...","Implicit regional price deflator","Index",82.812,80.933,82.955,86.478,88.326,89.306,88.971,89.561,91.960,91.636,95.388,95.482,97.300
 "26380","Houma-Thibodaux, LA (Metropolitan Statistical Area)", ,MAIRPD,1,"...","Implicit regional price deflator","Index",87.074,86.054,91.479,94.748,96.778,98.313,97.968,99.023,100.137,101.032,98.689,99.980,102.207
 "26420","Houston-The Woodlands-Sugar Land, TX (Metropolitan Statistical Area)", ,MAIRPD,1,"...","Implicit regional price deflator","Index",94.270,95.116,96.923,97.167,100.169,102.635,105.148,106.910,106.788,106.367,110.746,111.781,111.309
 "26580","Huntington-Ashland, WV-KY-OH (Metropolitan Statistical Area)", ,MAIRPD,1,"...","Implicit regional price deflator","Index",83.292,82.483,84.765,89.425,89.957,89.906,92.528,93.376,94.486,94.646,95.956,95.538,96.236
 "26620","Huntsville, AL (Metropolitan Statistical Area)", ,MAIRPD,1,"...","Implicit regional price deflator","Index",87.708,87.265,89.674,93.247,94.943,95.918,95.954,96.490,98.542,99.911,98.364,100.985,102.480
 "26820","Idaho Falls, ID (Metropolitan Statistical Area)", ,MAIRPD,1,"...","Implicit regional price deflator","Index",90.631,89.006,87.987,91.403,92.947,94.324,92.759,99.073,98.687,102.114,98.328,102.084,101.362
 "26900","Indianapolis-Carmel-Anderson, IN (Metropolitan Statistical Area)", ,MAIRPD,1,"...","Implicit regional price deflator","Index",91.448,90.789,92.322,93.265,94.987,97.314,98.404,97.983,99.065,99.725,103.425,105.423,105.336
 "26980","Iowa City, IA (Metropolitan Statistical Area)", ,MAIRPD,1,"...","Implicit regional price deflator","Index",91.570,89.834,92.708,94.589,97.226,98.589,100.626,97.356,99.347,100.726,103.499,105.412,106.027
 "27060","Ithaca, NY (Metropolitan Statistical Area)", ,MAIRPD,1,"...","Implicit regional price deflator","Index",96.087,97.254,98.087,100.479,104.807,102.857,103.808,108.199,109.098,111.517,111.237,114.406,117.704
 "27100","Jackson, MI (Metropolitan Statistical Area)", ,MAIRPD,1,"...","Implicit regional price deflator","Index",90.916,88.485,87.193,91.983,93.619,93.856,92.771,94.314,95.819,93.755,99.718,103.597,103.118
 "27140","Jackson, MS (Metropolitan Statistical Area)", ,MAIRPD,1,"...","Implicit regional price deflator","Index",87.769,86.939,90.738,93.379,94.000,95.439,96.579,96.214,98.369,99.219,97.498,98.716,100.250
 "27180","Jackson, TN (Metropolitan Statistical Area)", ,MAIRPD,1,"...","Implicit regional price deflator","Index",82.380,78.255,82.807,84.784,87.817,86.558,89.902,89.873,89.304,90.900,91.385,92.538,93.544
 "27260","Jacksonville, FL (Metropolitan Statistical Area)", ,MAIRPD,1,"...","Implicit regional price deflator","Index",94.112,92.115,94.716,97.709,99.177,100.052,102.281,102.458,103.995,105.078,105.418,105.812,107.130
 "27340","Jacksonville, NC (Metropolitan Statistical Area)", ,MAIRPD,1,"...","Implicit regional price deflator","Index",89.977,89.627,93.083,96.458,96.690,96.320,98.317,96.895,98.906,99.751,100.138,100.013,100.937
 "27500","Janesville-Beloit, WI (Metropolitan Statistical Area)", ,MAIRPD,1,"...","Implicit regional price deflator","Index",89.663,89.853,90.479,92.020,94.018,94.669,98.325,95.892,97.165,97.595,101.500,103.050,102.723
 "27620","Jefferson City, MO (Metropolitan Statistical Area)", ,MAIRPD,1,"...","Implicit regional price deflator","Index",76.902,79.372,83.870,86.120,90.014,90.985,90.592,90.472,89.752,86.634,96.630,99.266,98.881
 "27740","Johnson City, TN (Metropolitan Statistical Area)", ,MAIRPD,1,"...","Implicit regional price deflator","Index",86.751,83.381,87.551,90.131,93.554,91.697,95.169,94.779,95.236,96.455,94.449,97.763,98.847
 "27780","Johnstown, PA (Metropolitan Statistical Area)", ,MAIRPD,1,"...","Implicit regional price deflator","Index",79.267,85.149,85.853,86.818,86.321,87.727,90.297,90.683,93.099,94.796,95.589,92.915,93.771
 "27860","Jonesboro, AR (Metropolitan Statistical Area)", ,MAIRPD,1,"...","Implicit regional price deflator","Index",80.475,78.477,81.811,85.145,85.965,87.587,89.359,89.039,89.954,91.460,93.490,95.194,97.033
 "27900","Joplin, MO (Metropolitan Statistical Area)", ,MAIRPD,1,"...","Implicit regional price deflator","Index",86.905,83.250,86.543,89.177,89.614,92.567,93.876,93.441,93.692,94.452,93.432,97.133,97.320
 "27980","Kahului-Wailuku-Lahaina, HI (Metropolitan Statistical Area)", ,MAIRPD,1,"...","Implicit regional price deflator","Index",103.351,99.466,101.040,103.143,104.499,107.253,106.949,112.541,108.970,113.001,117.241,119.614,121.273
 "28020","Kalamazoo-Portage, MI (Metropolitan Statistical Area)", ,MAIRPD,1,"...","Implicit regional price deflator","Index",91.236,90.239,91.996,92.796,94.984,97.570,98.467,97.129,97.944,99.597,102.462,103.796,103.472
 "28100","Kankakee, IL (Metropolitan Statistical Area)", ,MAIRPD,1,"...","Implicit regional price deflator","Index",93.370,93.477,94.820,97.529,99.574,99.977,100.950,99.585,100.088,103.752,100.580,104.726,104.620
 "28140","Kansas City, MO-KS (Metropolitan Statistical Area)", ,MAIRPD,1,"...","Implicit regional price deflator","Index",88.249,89.560,92.072,95.293,97.567,97.905,100.911,101.784,101.603,102.973,102.556,104.896,105.332
 "28420","Kennewick-Richland, WA (Metropolitan Statistical Area)", ,MAIRPD,1,"...","Implicit regional price deflator","Index",89.654,93.452,92.305,99.351,99.775,100.451,102.499,99.405,101.425,105.731,109.641,112.696,113.293
 "28660","Killeen-Temple, TX (Metropolitan Statistical Area)", ,MAIRPD,1,"...","Implicit regional price deflator","Index",90.063,88.013,91.466,94.571,95.504,97.526,99.044,98.128,99.499,100.459,100.873,102.507,104.939
 "28700","Kingsport-Bristol, TN-VA (Metropolitan Statistical Area)", ,MAIRPD,1,"...","Implicit regional price deflator","Index",84.687,83.311,84.878,88.488,90.640,90.745,89.666,92.097,93.789,94.618,92.557,95.661,96.843
 "28740","Kingston, NY (Metropolitan Statistical Area)", ,MAIRPD,1,"...","Implicit regional price deflator","Index",98.818,98.207,98.481,100.117,101.440,104.377,103.813,105.939,105.808,108.775,109.821,110.578,112.984
 "28940","Knoxville, TN (Metropolitan Statistical Area)", ,MAIRPD,1,"...","Implicit regional price deflator","Index",87.095,86.449,89.371,92.471,95.212,95.230,96.067,95.518,98.104,99.253,97.150,100.632,101.948
 "29020","Kokomo, IN (Metropolitan Statistical Area)", ,MAIRPD,1,"...","Implicit regional price deflator","Index",82.535,85.527,87.954,86.211,89.385,92.918,90.868,91.340,92.120,94.397,97.320,100.007,99.713
 "29100","La Crosse-Onalaska, WI-MN (Metropolitan Statistical Area)", ,MAIRPD,1,"...","Implicit regional price deflator","Index",89.684,89.671,91.576,91.872,94.642,95.471,98.597,98.219,97.582,98.646,102.798,104.157,103.765
 "29180","Lafayette, LA (Metropolitan Statistical Area)", ,MAIRPD,1,"...","Implicit regional price deflator","Index",84.957,85.643,87.191,90.698,93.276,94.242,96.970,96.071,97.164,98.353,98.542,99.665,101.855
 "29200","Lafayette-West Lafayette, IN (Metropolitan Statistical Area)", ,MAIRPD,1,"...","Implicit regional price deflator","Index",87.770,88.478,90.175,91.955,94.519,96.388,97.034,96.674,96.463,97.610,100.786,102.768,102.586
 "29340","Lake Charles, LA (Metropolitan Statistical Area)", ,MAIRPD,1,"...","Implicit regional price deflator","Index",87.067,84.743,88.306,91.420,92.908,94.529,94.174,95.518,96.476,99.067,98.285,99.636,101.484
 "29420","Lake Havasu City-Kingman, AZ (Metropolitan Statistical Area)", ,MAIRPD,1,"...","Implicit regional price deflator","Index",89.370,92.137,90.481,93.614,95.002,96.930,95.750,94.787,96.993,100.144,97.977,98.980,97.857
 "29460","Lakeland-Winter Haven, FL (Metropolitan Statistical Area)", ,MAIRPD,1,"...","Implicit regional price deflator","Index",91.872,90.160,92.000,95.645,96.687,97.025,99.361,99.920,101.410,102.707,102.820,103.380,104.453
 "29540","Lancaster, PA (Metropolitan Statistical Area)", ,MAIRPD,1,"...","Implicit regional price deflator","Index",94.432,94.186,94.535,96.328,98.669,101.302,100.544,103.077,103.935,107.525,106.907,107.809,109.529
 "29620","Lansing-East Lansing, MI (Metropolitan Statistical Area)", ,MAIRPD,1,"...","Implicit regional price deflator","Index",91.028,90.559,93.031,93.002,95.598,97.674,98.651,96.698,98.405,98.940,102.457,104.317,103.943
 "29700","Laredo, TX (Metropolitan Statistical Area)", ,MAIRPD,1,"...","Implicit regional price deflator","Index",87.960,87.181,89.403,92.907,93.641,94.030,97.363,98.170,99.331,98.316,99.622,101.215,103.745
 "29740","Las Cruces, NM (Metropolitan Statistical Area)", ,MAIRPD,1,"...","Implicit regional price deflator","Index",87.130,87.564,89.977,94.367,95.437,93.835,95.947,93.494,94.728,96.817,96.245,98.836,98.108
 "29820","Las Vegas-Henderson-Paradise, NV (Metropolitan Statistical Area)", ,MAIRPD,1,"...","Implicit regional price deflator","Index",96.055,98.230,97.043,100.933,102.422,101.685,102.416,101.779,101.792,106.593,104.741,108.829,108.071
 "29940","Lawrence, KS (Metropolitan Statistical Area)", ,MAIRPD,1,"...","Implicit regional price deflator","Index",93.164,92.337,93.725,94.560,96.590,98.617,99.083,97.252,99.434,100.170,103.323,103.211,103.702
 "30020","Lawton, OK (Metropolitan Statistical Area)", ,MAIRPD,1,"...","Implicit regional price deflator","Index",83.725,83.594,86.979,91.859,92.486,94.846,96.084,95.107,97.735,97.346,96.547,98.433,100.842
 "30140","Lebanon, PA (Metropolitan Statistical Area)", ,MAIRPD,1,"...","Implicit regional price deflator","Index",92.599,92.526,92.125,94.156,96.077,97.710,98.775,101.363,100.024,104.166,105.508,105.613,107.087
 "30300","Lewiston, ID-WA (Metropolitan Statistical Area)", ,MAIRPD,1,"...","Implicit regional price deflator","Index",90.942,89.489,90.419,93.400,90.837,92.844,95.562,96.527,94.775,98.367,96.862,100.298,99.339
 "30340","Lewiston-Auburn, ME (Metropolitan Statistical Area)", ,MAIRPD,1,"...","Implicit regional price deflator","Index",91.872,92.252,90.866,93.069,96.333,98.006,96.072,98.194,97.859,101.378,105.108,106.529,108.124
 "30460","Lexington-Fayette, KY (Metropolitan Statistical Area)", ,MAIRPD,1,"...","Implicit regional price deflator","Index",89.599,88.670,90.001,93.960,96.377,96.971,98.041,98.231,98.737,101.090,99.416,102.212,103.606
 "30620","Lima, OH (Metropolitan Statistical Area)", ,MAIRPD,1,"...","Implicit regional price deflator","Index",87.501,84.077,87.872,87.515,91.886,93.074,94.544,92.805,91.148,93.768,97.213,99.450,98.933
 "30700","Lincoln, NE (Metropolitan Statistical Area)", ,MAIRPD,1,"...","Implicit regional price deflator","Index",90.781,90.110,91.660,91.968,94.481,97.091,98.522,97.528,98.306,99.205,102.953,103.730,104.315
 "30780","Little Rock-North Little Rock-Conway, AR (Metropolitan Statistical Area)", ,MAIRPD,1,"...","Implicit regional price deflator","Index",88.749,87.317,90.529,93.322,94.821,96.100,97.059,97.782,98.741,100.076,99.199,100.303,102.604
 "30860","Logan, UT-ID (Metropolitan Statistical Area)", ,MAIRPD,1,"...","Implicit regional price deflator","Index",91.227,88.893,89.491,91.271,93.944,95.306,97.952,101.036,100.119,101.922,100.605,102.461,101.505
 "30980","Longview, TX (Metropolitan Statistical Area)", ,MAIRPD,1,"...","Implicit regional price deflator","Index",87.620,86.761,89.616,92.535,94.762,95.548,96.474,97.396,98.703,98.560,99.457,101.684,104.355
 "31020","Longview, WA (Metropolitan Statistical Area)", ,MAIRPD,1,"...","Implicit regional price deflator","Index",92.603,90.260,90.788,93.431,93.561,96.288,98.983,100.246,100.285,103.563,106.648,107.888,108.180
 "31080","Los Angeles-Long Beach-Anaheim, CA (Metropolitan Statistical Area)", ,MAIRPD,1,"...","Implicit regional price deflator","Index",105.621,104.163,106.420,108.199,110.911,112.578,113.943,115.640,114.693,115.810,119.603,120.724,124.454
 "31140","Louisville/Jefferson County, KY-IN (Metropolitan Statistical Area)", ,MAIRPD,1,"...","Implicit regional price deflator","Index",88.527,87.090,90.566,93.380,95.698,97.101,98.800,98.225,99.226,100.478,100.189,100.975,102.226
 "31180","Lubbock, TX (Metropolitan Statistical Area)", ,MAIRPD,1,"...","Implicit regional price deflator","Index",91.322,89.332,92.910,95.103,96.780,98.422,99.648,100.773,101.352,102.599,101.622,103.585,106.326
 "31340","Lynchburg, VA (Metropolitan Statistical Area)", ,MAIRPD,1,"...","Implicit regional price deflator","Index",86.837,84.552,87.764,92.502,92.081,94.730,95.252,96.433,94.960,97.670,98.817,99.000,99.767
 "31420","Macon-Bibb County, GA (Metropolitan Statistical Area)", ,MAIRPD,1,"...","Implicit regional price deflator","Index",86.827,84.490,87.023,90.372,91.488,92.343,91.784,92.288,94.091,96.160,96.893,97.304,97.671
 "31460","Madera, CA (Metropolitan Statistical Area)", ,MAIRPD,1,"...","Implicit regional price deflator","Index",91.538,93.406,91.190,95.310,98.586,96.927,98.751,98.397,97.645,103.248,108.301,107.011,107.097
 "31540","Madison, WI (Metropolitan Statistical Area)", ,MAIRPD,1,"...","Implicit regional price deflator","Index",92.702,92.412,94.490,95.536,97.726,99.457,100.935,99.320,101.042,101.734,106.279,108.086,107.900
 "31700","Manchester-Nashua, NH (Metropolitan Statistical Area)", ,MAIRPD,1,"...","Implicit regional price deflator","Index",101.436,97.785,98.780,101.744,102.341,102.874,106.212,106.911,110.785,112.138,111.388,113.333,115.684
 "31740","Manhattan, KS (Metropolitan Statistical Area)", ,MAIRPD,1,"...","Implicit regional price deflator","Index",82.372,84.925,90.463,92.182,95.537,97.341,98.822,95.786,94.532,96.919,102.260,103.809,104.295
 "31860","Mankato, MN (Metropolitan Statistical Area)", ,MAIRPD,1,"...","Implicit regional price deflator","Index",80.237,83.540,90.054,88.354,93.736,91.286,92.642,94.683,93.907,95.839,100.354,102.725,102.654
 "31900","Mansfield, OH (Metropolitan Statistical Area)", ,MAIRPD,1,"...","Implicit regional price deflator","Index",86.955,85.071,87.441,88.818,90.861,88.828,91.567,91.680,92.976,93.212,93.196,97.988,97.245
 "32580","McAllen-Edinburg-Mission, TX (Metropolitan Statistical Area)", ,MAIRPD,1,"...","Implicit regional price deflator","Index",82.346,82.393,84.834,87.025,90.030,90.708,92.735,93.158,94.053,94.686,93.910,96.372,98.421
 "32780","Medford, OR (Metropolitan Statistical Area)", ,MAIRPD,1,"...","Implicit regional price deflator","Index",91.354,93.945,94.944,99.031,99.563,99.686,100.944,100.373,101.333,105.549,109.877,110.545,110.731
 "32820","Memphis, TN-MS-AR (Metropolitan Statistical Area)", ,MAIRPD,1,"...","Implicit regional price deflator","Index",89.556,88.140,91.422,94.432,95.881,96.816,98.303,97.787,100.337,100.900,98.087,101.612,103.126
 "32900","Merced, CA (Metropolitan Statistical Area)", ,MAIRPD,1,"...","Implicit regional price deflator","Index",88.902,92.435,92.251,96.132,97.697,97.718,98.436,97.228,98.166,102.767,108.638,110.305,110.291
 "33100","Miami-Fort Lauderdale-Pompano Beach, FL (Metropolitan Statistical Area)", ,MAIRPD,1,"...","Implicit regional price deflator","Index",99.941,99.851,100.919,104.725,107.257,108.236,108.851,110.437,112.368,115.227,119.118,119.786,122.328
 "33140","Michigan City-La Porte, IN (Metropolitan Statistical Area)", ,MAIRPD,1,"...","Implicit regional price deflator","Index",79.903,81.214,87.045,87.456,90.079,92.750,92.872,90.184,91.543,90.981,100.197,99.979,100.048
 "33220","Midland, MI (Metropolitan Statistical Area)", ,MAIRPD,1,"...","Implicit regional price deflator","Index",89.005,88.517,88.585,91.402,93.342,94.163,96.068,93.268,95.382,95.145,98.204,102.030,101.578
 "33260","Midland, TX (Metropolitan Statistical Area)", ,MAIRPD,1,"...","Implicit regional price deflator","Index",91.822,90.859,95.237,99.716,101.495,103.042,107.222,107.504,107.319,107.882,109.405,112.236,116.132
 "33340","Milwaukee-Waukesha, WI (Metropolitan Statistical Area)", ,MAIRPD,1,"...","Implicit regional price deflator","Index",92.639,93.071,93.476,94.727,97.133,98.059,100.040,100.522,102.966,105.936,104.248,106.882,106.701
 "33460","Minneapolis-St. Paul-Bloomington, MN-WI (Metropolitan Statistical Area)", ,MAIRPD,1,"...","Implicit regional price deflator","Index",96.483,98.098,98.099,100.694,101.391,103.798,106.593,105.439,106.294,107.762,112.984,112.834,114.772
 "33540","Missoula, MT (Metropolitan Statistical Area)", ,MAIRPD,1,"...","Implicit regional price deflator","Index",94.261,91.368,92.753,96.580,94.443,95.663,99.190,100.509,99.057,103.752,100.130,104.667,104.085
 "33660","Mobile, AL (Metropolitan Statistical Area)", ,MAIRPD,1,"...","Implicit regional price deflator","Index",86.088,85.321,87.756,91.296,93.368,94.427,95.286,94.915,96.553,97.298,95.323,97.847,99.332
 "33700","Modesto, CA (Metropolitan Statistical Area)", ,MAIRPD,1,"...","Implicit regional price deflator","Index",92.452,95.661,94.926,98.584,100.988,100.956,100.935,100.773,100.848,105.827,112.418,113.790,114.239
 "33740","Monroe, LA (Metropolitan Statistical Area)", ,MAIRPD,1,"...","Implicit regional price deflator","Index",83.814,81.183,87.084,88.289,88.740,90.634,92.166,89.760,91.921,94.659,95.671,95.671,97.651
 "33780","Monroe, MI (Metropolitan Statistical Area)", ,MAIRPD,1,"...","Implicit regional price deflator","Index",90.512,90.931,92.557,95.333,93.496,95.664,99.269,97.316,95.666,94.976,101.761,102.800,101.992
 "33860","Montgomery, AL (Metropolitan Statistical Area)", ,MAIRPD,1,"...","Implicit regional price deflator","Index",87.469,86.874,89.943,91.093,95.421,94.018,94.982,95.395,98.605,99.633,97.333,99.218,100.767
 "34060","Morgantown, WV (Metropolitan Statistical Area)", ,MAIRPD,1,"...","Implicit regional price deflator","Index",84.796,82.780,89.802,92.156,90.633,94.358,94.583,100.099,98.571,96.883,102.484,101.534,102.515
 "34100","Morristown, TN (Metropolitan Statistical Area)", ,MAIRPD,1,"...","Implicit regional price deflator","Index",81.784,79.179,82.754,87.114,87.593,89.061,89.404,90.216,89.335,91.178,93.119,96.809,97.844
 "34580","Mount Vernon-Anacortes, WA (Metropolitan Statistical Area)", ,MAIRPD,1,"...","Implicit regional price deflator","Index",97.230,95.222,94.892,97.868,99.091,100.608,100.731,104.361,104.770,108.155,113.529,113.235,113.847
 "34620","Muncie, IN (Metropolitan Statistical Area)", ,MAIRPD,1,"...","Implicit regional price deflator","Index",88.140,87.241,88.010,90.649,91.175,94.055,94.252,91.754,93.239,95.487,99.418,98.069,97.917
 "34740","Muskegon, MI (Metropolitan Statistical Area)", ,MAIRPD,1,"...","Implicit regional price deflator","Index",87.864,85.942,88.349,89.607,90.241,91.733,95.142,90.579,94.145,95.604,98.865,102.715,102.232
 "34820","Myrtle Beach-Conway-North Myrtle Beach, SC-NC (Metropolitan Statistical Area)", ,MAIRPD,1,"...","Implicit regional price deflator","Index",90.134,89.699,91.483,94.594,96.193,95.764,97.832,97.757,99.628,100.392,101.362,102.922,103.833
 "34900","Napa, CA (Metropolitan Statistical Area)", ,MAIRPD,1,"...","Implicit regional price deflator","Index",110.004,106.238,107.435,108.662,109.820,113.093,116.876,115.724,118.293,126.078,122.098,122.604,123.939
 "34940","Naples-Marco Island, FL (Metropolitan Statistical Area)", ,MAIRPD,1,"...","Implicit regional price deflator","Index",98.992,96.871,98.518,99.296,102.728,104.069,105.188,106.551,110.181,110.251,111.428,110.588,112.181
 "34980","Nashville-Davidson--Murfreesboro--Franklin, TN (Metropolitan Statistical Area)", ,MAIRPD,1,"...","Implicit regional price deflator","Index",90.705,89.821,93.020,95.706,97.982,99.350,100.474,101.007,103.973,105.411,102.483,105.994,107.866
 "35100","New Bern, NC (Metropolitan Statistical Area)", ,MAIRPD,1,"...","Implicit regional price deflator","Index",82.695,82.001,84.433,88.056,90.289,93.650,92.644,94.555,92.973,90.591,96.807,98.837,99.407
 "35300","New Haven-Milford, CT (Metropolitan Statistical Area)", ,MAIRPD,1,"...","Implicit regional price deflator","Index",106.096,104.783,103.712,107.835,108.735,110.381,112.230,110.918,112.952,114.121,110.992,112.130,113.963
 "35380","New Orleans-Metairie, LA (Metropolitan Statistical Area)", ,MAIRPD,1,"...","Implicit regional price deflator","Index",93.576,91.831,94.544,96.700,98.973,100.144,101.328,101.307,103.237,104.355,102.955,105.217,107.731
 "35620","New York-Newark-Jersey City, NY-NJ-PA (Metropolitan Statistical Area)", ,MAIRPD,1,"...","Implicit regional price deflator","Index",106.517,107.651,108.102,112.220,113.663,114.706,116.384,116.683,118.151,120.191,123.907,126.098,128.437
 "35660","Niles, MI (Metropolitan Statistical Area)", ,MAIRPD,1,"...","Implicit regional price deflator","Index",88.486,86.172,88.426,89.663,90.026,93.460,94.795,93.892,94.887,95.349,97.452,97.685,97.428
 "35840","North Port-Sarasota-Bradenton, FL (Metropolitan Statistical Area)", ,MAIRPD,1,"...","Implicit regional price deflator","Index",96.191,95.795,96.223,99.565,101.462,101.971,104.542,105.228,106.767,109.720,110.077,109.968,111.788
 "35980","Norwich-New London, CT (Metropolitan Statistical Area)", ,MAIRPD,1,"...","Implicit regional price deflator","Index",98.074,97.054,97.233,98.797,100.962,101.894,100.819,104.650,106.095,107.864,109.173,111.139,112.890
 "36100","Ocala, FL (Metropolitan Statistical Area)", ,MAIRPD,1,"...","Implicit regional price deflator","Index",90.558,89.826,91.139,93.762,95.046,95.283,96.643,97.265,98.969,100.911,101.235,102.263,103.162
 "36140","Ocean City, NJ (Metropolitan Statistical Area)", ,MAIRPD,1,"...","Implicit regional price deflator","Index",99.790,99.768,105.540,108.854,103.516,101.977,108.768,107.542,107.772,110.738,111.865,110.459,112.505
 "36220","Odessa, TX (Metropolitan Statistical Area)", ,MAIRPD,1,"...","Implicit regional price deflator","Index",90.839,89.404,91.796,96.302,98.491,102.098,104.207,103.448,103.332,104.589,104.574,108.282,111.377
 "36260","Ogden-Clearfield, UT (Metropolitan Statistical Area)", ,MAIRPD,1,"...","Implicit regional price deflator","Index",90.353,92.793,93.498,97.662,99.479,99.038,100.389,98.815,99.364,103.918,103.724,107.013,105.914
 "36420","Oklahoma City, OK (Metropolitan Statistical Area)", ,MAIRPD,1,"...","Implicit regional price deflator","Index",88.855,87.558,90.974,93.865,96.413,97.114,98.827,98.244,99.365,101.115,101.353,101.960,104.293
 "36500","Olympia-Lacey-Tumwater, WA (Metropolitan Statistical Area)", ,MAIRPD,1,"...","Implicit regional price deflator","Index",99.931,98.678,96.755,101.968,101.430,103.188,107.186,106.231,110.131,113.460,114.023,114.912,115.729
 "36540","Omaha-Council Bluffs, NE-IA (Metropolitan Statistical Area)", ,MAIRPD,1,"...","Implicit regional price deflator","Index",91.678,91.111,92.270,93.478,95.927,96.762,99.208,98.131,99.415,100.180,102.818,105.242,106.011
 "36740","Orlando-Kissimmee-Sanford, FL (Metropolitan Statistical Area)", ,MAIRPD,1,"...","Implicit regional price deflator","Index",95.698,93.817,95.834,98.923,99.993,101.133,103.187,103.687,105.391,107.202,107.549,108.150,109.737
 "36780","Oshkosh-Neenah, WI (Metropolitan Statistical Area)", ,MAIRPD,1,"...","Implicit regional price deflator","Index",90.921,88.837,90.792,92.405,93.462,94.209,97.051,95.504,97.100,96.815,100.629,102.375,102.183
 "36980","Owensboro, KY (Metropolitan Statistical Area)", ,MAIRPD,1,"...","Implicit regional price deflator","Index",84.211,82.748,86.721,90.332,93.038,93.930,95.244,94.719,95.876,100.087,95.826,99.347,100.280
 "37100","Oxnard-Thousand Oaks-Ventura, CA (Metropolitan Statistical Area)", ,MAIRPD,1,"...","Implicit regional price deflator","Index",102.022,102.382,103.208,105.650,108.924,110.314,113.917,114.718,113.605,113.051,122.024,122.710,123.908
 "37340","Palm Bay-Melbourne-Titusville, FL (Metropolitan Statistical Area)", ,MAIRPD,1,"...","Implicit regional price deflator","Index",94.387,91.763,94.674,97.024,98.499,98.763,101.686,102.500,103.385,105.462,106.860,106.417,107.804
 "37460","Panama City, FL (Metropolitan Statistical Area)", ,MAIRPD,1,"...","Implicit regional price deflator","Index",92.874,90.844,93.799,96.772,96.983,96.891,99.218,99.555,101.179,101.941,102.761,105.406,106.666
 "37620","Parkersburg-Vienna, WV (Metropolitan Statistical Area)", ,MAIRPD,1,"...","Implicit regional price deflator","Index",83.029,81.200,84.169,87.189,89.730,92.609,93.306,95.772,96.860,97.042,97.974,96.795,97.677
 "37860","Pensacola-Ferry Pass-Brent, FL (Metropolitan Statistical Area)", ,MAIRPD,1,"...","Implicit regional price deflator","Index",91.642,89.978,92.447,97.229,97.851,97.961,99.567,100.273,101.145,102.918,103.017,103.125,104.213
 "37900","Peoria, IL (Metropolitan Statistical Area)", ,MAIRPD,1,"...","Implicit regional price deflator","Index",87.675,88.186,89.126,90.129,92.453,93.901,96.286,95.132,94.327,94.525,99.177,100.309,99.720
 "37980","Philadelphia-Camden-Wilmington, PA-NJ-DE-MD (Metropolitan Statistical Area)", ,MAIRPD,1,"...","Implicit regional price deflator","Index",100.969,101.203,102.063,103.146,103.738,103.168,105.444,105.570,107.033,110.185,111.434,114.007,113.732
 "38060","Phoenix-Mesa-Chandler, AZ (Metropolitan Statistical Area)", ,MAIRPD,1,"...","Implicit regional price deflator","Index",99.813,99.858,98.436,98.489,99.119,101.121,102.063,101.834,105.005,104.842,108.053,110.562,114.069
 "38220","Pine Bluff, AR (Metropolitan Statistical Area)", ,MAIRPD,1,"...","Implicit regional price deflator","Index",82.081,81.388,84.480,86.495,89.063,89.401,90.202,89.245,91.668,90.234,91.639,92.346,93.251
 "38300","Pittsburgh, PA (Metropolitan Statistical Area)", ,MAIRPD,1,"...","Implicit regional price deflator","Index",86.507,87.025,90.472,93.074,95.597,95.676,97.507,98.319,97.999,100.873,103.494,104.907,106.425
 "38340","Pittsfield, MA (Metropolitan Statistical Area)", ,MAIRPD,1,"...","Implicit regional price deflator","Index",93.366,93.223,93.630,95.357,96.766,99.157,96.221,101.826,103.602,104.822,108.165,106.909,108.667
 "38540","Pocatello, ID (Metropolitan Statistical Area)", ,MAIRPD,1,"...","Implicit regional price deflator","Index",88.983,86.324,85.494,88.816,91.754,91.146,93.829,97.462,94.148,98.806,95.930,98.166,97.348
 "38860","Portland-South Portland, ME (Metropolitan Statistical Area)", ,MAIRPD,1,"...","Implicit regional price deflator","Index",95.905,95.588,94.354,97.003,100.372,101.912,99.425,102.865,103.590,107.278,109.112,109.688,111.548
 "38900","Portland-Vancouver-Hillsboro, OR-WA (Metropolitan Statistical Area)", ,MAIRPD,1,"...","Implicit regional price deflator","Index",92.683,95.531,96.399,99.495,103.676,104.208,104.345,105.718,105.220,109.337,115.417,116.877,117.532
 "38940","Port St. Lucie, FL (Metropolitan Statistical Area)", ,MAIRPD,1,"...","Implicit regional price deflator","Index",96.232,92.861,94.658,97.311,99.054,99.391,102.877,102.781,105.748,106.293,107.981,105.514,106.776
 "39100","Poughkeepsie-Newburgh-Middletown, NY (Metropolitan Statistical Area) 1/", ,MAIRPD,1,"...","Implicit regional price deflator","Index",(NA),(NA),(NA),(NA),(NA),(NA),(NA),(NA),113.880,115.293,119.628,122.434,124.433
 "39150","Prescott Valley-Prescott, AZ (Metropolitan Statistical Area)", ,MAIRPD,1,"...","Implicit regional price deflator","Index",96.349,92.822,92.957,95.519,96.450,97.785,99.568,102.369,102.981,105.287,101.295,105.333,104.077
 "39300","Providence-Warwick, RI-MA (Metropolitan Statistical Area)", ,MAIRPD,1,"...","Implicit regional price deflator","Index",96.485,96.387,96.508,98.865,99.628,102.367,102.710,104.310,105.603,107.766,108.947,110.842,112.599
 "39340","Provo-Orem, UT (Metropolitan Statistical Area)", ,MAIRPD,1,"...","Implicit regional price deflator","Index",91.368,95.433,93.893,98.661,100.497,100.692,100.427,100.244,100.778,105.437,105.037,107.711,106.627
 "39380","Pueblo, CO (Metropolitan Statistical Area)", ,MAIRPD,1,"...","Implicit regional price deflator","Index",84.780,89.425,88.944,94.712,94.448,94.761,94.618,94.605,96.794,99.982,96.644,101.456,100.355
 "39460","Punta Gorda, FL (Metropolitan Statistical Area)", ,MAIRPD,1,"...","Implicit regional price deflator","Index",92.678,91.096,94.558,96.292,98.716,97.912,100.593,101.876,102.325,106.186,106.465,106.124,107.474
 "39540","Racine, WI (Metropolitan Statistical Area)", ,MAIRPD,1,"...","Implicit regional price deflator","Index",90.521,90.651,90.796,92.469,94.347,96.121,96.771,99.381,100.044,102.312,101.840,102.819,102.586
 "39580","Raleigh-Cary, NC (Metropolitan Statistical Area)", ,MAIRPD,1,"...","Implicit regional price deflator","Index",91.689,90.601,93.443,96.553,98.385,99.780,101.670,101.783,103.970,105.357,105.498,105.339,106.402
 "39660","Rapid City, SD (Metropolitan Statistical Area)", ,MAIRPD,1,"...","Implicit regional price deflator","Index",85.967,85.191,87.640,86.242,95.248,93.157,95.718,94.592,95.206,96.205,99.986,102.809,103.132
 "39740","Reading, PA (Metropolitan Statistical Area)", ,MAIRPD,1,"...","Implicit regional price deflator","Index",93.879,93.851,94.334,97.150,98.437,100.625,100.422,101.358,103.137,105.919,106.421,107.311,109.028
 "39820","Redding, CA (Metropolitan Statistical Area)", ,MAIRPD,1,"...","Implicit regional price deflator","Index",91.036,93.633,93.526,98.862,100.225,98.608,101.531,99.546,99.862,103.626,110.064,110.964,111.125
 "39900","Reno, NV (Metropolitan Statistical Area)", ,MAIRPD,1,"...","Implicit regional price deflator","Index",95.702,97.728,97.158,101.021,102.920,102.198,103.101,102.221,102.426,107.331,105.382,110.655,110.050
 "40060","Richmond, VA (Metropolitan Statistical Area)", ,MAIRPD,1,"...","Implicit regional price deflator","Index",92.865,92.051,94.978,97.964,99.220,100.107,101.717,102.393,104.042,104.337,105.657,104.963,106.152
 "40140","Riverside-San Bernardino-Ontario, CA (Metropolitan Statistical Area)", ,MAIRPD,1,"...","Implicit regional price deflator","Index",98.850,98.405,99.055,100.790,103.082,105.287,108.043,108.644,108.086,107.534,113.115,114.142,115.355
 "40220","Roanoke, VA (Metropolitan Statistical Area)", ,MAIRPD,1,"...","Implicit regional price deflator","Index",87.319,86.536,91.096,91.021,93.480,94.302,96.885,96.633,97.201,98.828,101.068,100.524,101.427
 "40340","Rochester, MN (Metropolitan Statistical Area)", ,MAIRPD,1,"...","Implicit regional price deflator","Index",89.367,90.510,88.948,91.866,94.328,95.063,98.536,96.374,97.136,98.302,101.184,105.007,105.367
 "40380","Rochester, NY (Metropolitan Statistical Area)", ,MAIRPD,1,"...","Implicit regional price deflator","Index",94.869,94.326,94.876,96.459,98.410,100.707,100.639,102.509,103.441,106.189,105.609,107.341,109.319
 "40420","Rockford, IL (Metropolitan Statistical Area)", ,MAIRPD,1,"...","Implicit regional price deflator","Index",91.399,90.479,89.732,92.383,93.753,94.364,96.242,95.798,96.996,97.040,99.438,102.379,101.871
 "40580","Rocky Mount, NC (Metropolitan Statistical Area)", ,MAIRPD,1,"...","Implicit regional price deflator","Index",84.313,83.636,86.470,89.565,89.473,90.994,92.007,91.784,91.080,95.521,93.384,93.625,94.263
 "40660","Rome, GA (Metropolitan Statistical Area)", ,MAIRPD,1,"...","Implicit regional price deflator","Index",82.390,80.966,85.359,84.556,85.953,89.067,90.903,90.699,91.567,91.216,93.721,97.250,97.888
 "40900","Sacramento-Roseville-Folsom, CA (Metropolitan Statistical Area)", ,MAIRPD,1,"...","Implicit regional price deflator","Index",95.099,98.226,97.564,102.134,104.211,103.827,104.943,103.439,104.277,108.957,116.634,117.173,118.007
 "40980","Saginaw, MI (Metropolitan Statistical Area)", ,MAIRPD,1,"...","Implicit regional price deflator","Index",88.471,86.857,87.343,90.610,91.334,93.239,93.799,93.372,94.462,95.726,98.825,98.188,97.603
 "41060","St. Cloud, MN (Metropolitan Statistical Area)", ,MAIRPD,1,"...","Implicit regional price deflator","Index",91.017,89.407,88.161,93.981,95.332,96.520,98.229,95.355,97.867,97.748,100.435,103.164,103.307
 "41100","St. George, UT (Metropolitan Statistical Area)", ,MAIRPD,1,"...","Implicit regional price deflator","Index",92.277,88.927,89.681,91.364,95.191,96.689,97.037,101.900,102.974,104.879,101.956,105.553,104.498
 "41140","St. Joseph, MO-KS (Metropolitan Statistical Area)", ,MAIRPD,1,"...","Implicit regional price deflator","Index",87.772,86.121,86.555,89.118,91.406,93.516,93.198,93.345,92.665,94.377,97.616,99.121,98.982
 "41180","St. Louis, MO-IL (Metropolitan Statistical Area)", ,MAIRPD,1,"...","Implicit regional price deflator","Index",87.037,88.423,93.203,94.499,94.686,97.624,100.528,98.147,99.537,102.488,103.096,104.878,106.453
 "41420","Salem, OR (Metropolitan Statistical Area)", ,MAIRPD,1,"...","Implicit regional price deflator","Index",89.037,92.584,94.549,96.230,99.551,98.136,99.135,101.118,101.134,105.052,110.650,111.968,112.228
 "41500","Salinas, CA (Metropolitan Statistical Area)", ,MAIRPD,1,"...","Implicit regional price deflator","Index",97.480,100.771,101.317,106.027,108.463,108.701,108.759,108.080,108.102,113.735,120.434,121.817,123.176
 "41540","Salisbury, MD-DE (Metropolitan Statistical Area)", ,MAIRPD,1,"...","Implicit regional price deflator","Index",85.948,85.818,89.116,91.312,92.158,95.722,97.340,96.924,94.308,95.281,100.371,101.544,102.510
 "41620","Salt Lake City, UT (Metropolitan Statistical Area)", ,MAIRPD,1,"...","Implicit regional price deflator","Index",93.104,96.007,95.432,100.378,101.890,102.406,102.558,101.907,101.853,106.487,106.203,109.724,108.689
 "41660","San Angelo, TX (Metropolitan Statistical Area)", ,MAIRPD,1,"...","Implicit regional price deflator","Index",88.280,89.435,89.942,92.891,96.155,98.464,99.609,101.055,101.031,101.214,103.127,104.430,107.098
 "41700","San Antonio-New Braunfels, TX (Metropolitan Statistical Area)", ,MAIRPD,1,"...","Implicit regional price deflator","Index",90.920,90.044,92.806,95.546,97.917,99.498,101.032,101.263,103.011,103.915,104.401,106.046,108.909
 "41740","San Diego-Chula Vista-Carlsbad, CA (Metropolitan Statistical Area)", ,MAIRPD,1,"...","Implicit regional price deflator","Index",105.710,105.449,106.123,109.943,111.114,111.253,111.971,114.223,116.640,117.142,120.150,123.045,126.121
 "41860","San Francisco-Oakland-Berkeley, CA (Metropolitan Statistical Area)", ,MAIRPD,1,"...","Implicit regional price deflator","Index",111.125,107.126,107.786,109.023,111.712,113.220,115.869,117.858,119.636,127.576,130.637,129.602,130.543
 "41940","San Jose-Sunnyvale-Santa Clara, CA (Metropolitan Statistical Area)", ,MAIRPD,1,"...","Implicit regional price deflator","Index",111.022,106.900,107.662,108.955,112.045,114.106,117.087,118.725,120.578,128.461,122.763,123.305,124.707
 "42020","San Luis Obispo-Paso Robles, CA (Metropolitan Statistical Area)", ,MAIRPD,1,"...","Implicit regional price deflator","Index",98.307,101.752,101.242,105.553,106.780,106.852,108.062,107.184,107.217,113.717,118.479,120.658,121.826
 "42100","Santa Cruz-Watsonville, CA (Metropolitan Statistical Area)", ,MAIRPD,1,"...","Implicit regional price deflator","Index",110.524,105.278,107.207,108.756,111.169,111.864,115.075,117.071,118.301,125.412,120.032,120.688,121.704
 "42140","Santa Fe, NM (Metropolitan Statistical Area)", ,MAIRPD,1,"...","Implicit regional price deflator","Index",91.710,95.303,95.197,100.355,101.690,101.331,104.588,100.820,102.264,105.789,104.631,105.545,105.046
 "42200","Santa Maria-Santa Barbara, CA (Metropolitan Statistical Area)", ,MAIRPD,1,"...","Implicit regional price deflator","Index",100.300,103.913,102.652,106.700,109.083,108.826,109.930,108.542,111.001,114.415,121.671,121.290,122.373
 "42220","Santa Rosa-Petaluma, CA (Metropolitan Statistical Area)", ,MAIRPD,1,"...","Implicit regional price deflator","Index",109.182,105.536,106.855,107.132,110.789,111.254,113.847,115.305,117.832,125.047,121.010,121.173,122.170
 "42340","Savannah, GA (Metropolitan Statistical Area)", ,MAIRPD,1,"...","Implicit regional price deflator","Index",91.608,89.378,93.616,96.847,98.412,98.473,99.544,99.680,102.377,103.093,103.761,104.230,105.086
 "42540","Scranton--Wilkes-Barre, PA (Metropolitan Statistical Area)", ,MAIRPD,1,"...","Implicit regional price deflator","Index",89.838,89.763,90.152,92.324,93.788,96.419,94.608,98.561,98.373,100.882,101.180,102.082,103.459
 "42660","Seattle-Tacoma-Bellevue, WA (Metropolitan Statistical Area)", ,MAIRPD,1,"...","Implicit regional price deflator","Index",102.081,101.662,101.063,103.310,104.981,105.982,109.565,110.069,113.614,118.561,118.470,121.998,124.517
 "42680","Sebastian-Vero Beach, FL (Metropolitan Statistical Area)", ,MAIRPD,1,"...","Implicit regional price deflator","Index",88.622,86.573,91.950,91.796,93.758,97.037,97.595,96.633,100.009,100.164,102.378,104.813,105.971
 "42700","Sebring-Avon Park, FL (Metropolitan Statistical Area)", ,MAIRPD,1,"...","Implicit regional price deflator","Index",85.055,83.561,87.193,88.015,89.700,90.884,91.704,92.672,92.689,93.529,97.690,99.707,100.475
 "43100","Sheboygan, WI (Metropolitan Statistical Area)", ,MAIRPD,1,"...","Implicit regional price deflator","Index",90.562,89.818,88.690,93.123,92.950,95.536,95.374,95.162,98.261,98.097,100.147,101.945,101.622
 "43300","Sherman-Denison, TX (Metropolitan Statistical Area)", ,MAIRPD,1,"...","Implicit regional price deflator","Index",87.751,86.560,91.336,92.768,95.044,94.929,97.321,96.332,98.930,100.842,101.028,102.461,105.119
 "43340","Shreveport-Bossier City, LA (Metropolitan Statistical Area)", ,MAIRPD,1,"...","Implicit regional price deflator","Index",87.195,86.592,89.022,93.125,94.918,94.629,97.724,97.319,97.448,97.561,98.921,99.268,101.437
 "43420","Sierra Vista-Douglas, AZ (Metropolitan Statistical Area)", ,MAIRPD,1,"...","Implicit regional price deflator","Index",89.937,88.197,88.234,90.381,92.487,94.192,94.202,96.825,97.285,97.877,96.647,100.051,98.762
 "43580","Sioux City, IA-NE-SD (Metropolitan Statistical Area)", ,MAIRPD,1,"...","Implicit regional price deflator","Index",86.559,85.961,88.506,89.203,91.156,92.399,93.955,92.249,93.993,94.969,99.832,100.066,100.100
 "43620","Sioux Falls, SD (Metropolitan Statistical Area)", ,MAIRPD,1,"...","Implicit regional price deflator","Index",90.450,89.412,91.445,92.452,95.561,95.757,98.980,96.713,98.531,98.705,102.769,104.498,104.654
 "43780","South Bend-Mishawaka, IN-MI (Metropolitan Statistical Area)", ,MAIRPD,1,"...","Implicit regional price deflator","Index",88.235,87.470,89.768,90.999,91.512,94.026,95.314,94.069,95.491,95.239,99.977,102.338,102.023
 "43900","Spartanburg, SC (Metropolitan Statistical Area)", ,MAIRPD,1,"...","Implicit regional price deflator","Index",87.582,85.987,87.291,92.022,92.264,93.162,95.547,96.258,98.114,99.661,98.174,99.454,100.044
 "44060","Spokane-Spokane Valley, WA (Metropolitan Statistical Area)", ,MAIRPD,1,"...","Implicit regional price deflator","Index",89.528,92.558,92.498,96.473,98.670,98.303,99.637,98.423,99.932,103.222,108.795,109.036,109.341
 "44100","Springfield, IL (Metropolitan Statistical Area)", ,MAIRPD,1,"...","Implicit regional price deflator","Index",90.541,88.917,89.883,90.820,93.897,95.144,96.418,94.127,96.830,96.110,100.845,101.364,100.921
 "44140","Springfield, MA (Metropolitan Statistical Area)", ,MAIRPD,1,"...","Implicit regional price deflator","Index",94.449,94.560,94.851,96.403,97.647,101.217,100.902,103.280,103.793,106.358,107.025,107.155,108.936
 "44180","Springfield, MO (Metropolitan Statistical Area)", ,MAIRPD,1,"...","Implicit regional price deflator","Index",87.631,87.260,88.748,89.500,91.519,93.158,93.440,93.777,93.982,94.265,97.768,99.993,100.040
 "44220","Springfield, OH (Metropolitan Statistical Area)", ,MAIRPD,1,"...","Implicit regional price deflator","Index",87.181,86.988,87.553,89.551,91.221,92.058,93.438,93.792,94.917,93.854,97.702,100.094,99.636
 "44300","State College, PA (Metropolitan Statistical Area)", ,MAIRPD,1,"...","Implicit regional price deflator","Index",95.033,95.158,96.150,98.036,101.985,103.109,103.007,105.339,107.041,108.784,108.356,108.650,110.536
 "44420","Staunton, VA (Metropolitan Statistical Area)", ,MAIRPD,1,"...","Implicit regional price deflator","Index",85.574,82.103,85.802,87.118,91.163,92.843,95.182,93.621,89.069,95.798,100.205,99.228,99.896
 "44700","Stockton, CA (Metropolitan Statistical Area)", ,MAIRPD,1,"...","Implicit regional price deflator","Index",93.436,97.238,95.745,100.370,102.001,102.304,103.468,101.951,102.775,106.770,113.591,114.888,115.450
 "44940","Sumter, SC (Metropolitan Statistical Area)", ,MAIRPD,1,"...","Implicit regional price deflator","Index",84.205,82.971,85.891,90.924,89.234,91.271,91.310,91.653,90.666,93.620,94.492,94.950,95.764
 "45060","Syracuse, NY (Metropolitan Statistical Area)", ,MAIRPD,1,"...","Implicit regional price deflator","Index",92.784,92.410,93.612,95.145,96.434,98.621,98.586,101.669,102.796,104.727,104.951,105.627,107.437
 "45220","Tallahassee, FL (Metropolitan Statistical Area)", ,MAIRPD,1,"...","Implicit regional price deflator","Index",90.671,88.830,91.961,95.740,97.582,97.686,99.083,99.469,101.138,103.503,101.947,102.601,103.678
 "45300","Tampa-St. Petersburg-Clearwater, FL (Metropolitan Statistical Area)", ,MAIRPD,1,"...","Implicit regional price deflator","Index",97.541,97.258,97.463,98.700,100.665,102.567,104.132,104.376,101.317,102.536,103.021,105.708,110.225
 "45460","Terre Haute, IN (Metropolitan Statistical Area)", ,MAIRPD,1,"...","Implicit regional price deflator","Index",84.086,83.903,87.736,88.201,88.915,89.707,92.763,90.800,90.102,92.782,97.342,98.029,97.559
 "45500","Texarkana, TX-AR (Metropolitan Statistical Area)", ,MAIRPD,1,"...","Implicit regional price deflator","Index",83.982,83.091,85.651,89.668,89.707,90.137,92.940,93.007,95.059,94.705,94.844,96.938,99.153
 "45540","The Villages, FL (Metropolitan Statistical Area)", ,MAIRPD,1,"...","Implicit regional price deflator","Index",85.560,86.351,88.782,89.478,93.592,95.510,96.704,96.660,98.213,96.495,102.913,105.165,106.383
 "45780","Toledo, OH (Metropolitan Statistical Area)", ,MAIRPD,1,"...","Implicit regional price deflator","Index",89.009,87.352,89.744,90.926,92.656,93.856,95.701,95.228,95.944,96.119,99.839,101.655,101.102
 "45820","Topeka, KS (Metropolitan Statistical Area)", ,MAIRPD,1,"...","Implicit regional price deflator","Index",87.534,86.903,89.881,91.015,92.719,93.738,94.866,94.700,93.773,94.815,100.054,99.740,100.093
 "45940","Trenton-Princeton, NJ (Metropolitan Statistical Area)", ,MAIRPD,1,"...","Implicit regional price deflator","Index",98.339,103.072,101.711,105.660,107.991,109.135,111.563,111.958,112.485,115.758,112.333,112.971,115.455
 "46060","Tucson, AZ (Metropolitan Statistical Area)", ,MAIRPD,1,"...","Implicit regional price deflator","Index",92.116,95.039,94.764,98.634,100.769,100.561,101.379,100.721,100.921,104.329,103.177,105.599,104.353
 "46140","Tulsa, OK (Metropolitan Statistical Area)", ,MAIRPD,1,"...","Implicit regional price deflator","Index",88.247,87.579,90.063,92.768,94.214,95.929,97.629,97.610,98.807,99.610,99.879,101.069,103.331
 "46220","Tuscaloosa, AL (Metropolitan Statistical Area)", ,MAIRPD,1,"...","Implicit regional price deflator","Index",85.237,84.400,87.395,88.868,91.191,91.402,94.820,92.324,95.052,97.216,93.707,97.700,98.887
 "46300","Twin Falls, ID (Metropolitan Statistical Area) 1/", ,MAIRPD,1,"...","Implicit regional price deflator","Index",(NA),(NA),(NA),(NA),(NA),(NA),(NA),96.506,96.956,100.304,97.811,99.918,99.311
 "46340","Tyler, TX (Metropolitan Statistical Area)", ,MAIRPD,1,"...","Implicit regional price deflator","Index",91.544,90.586,94.209,96.991,97.080,99.380,98.901,101.474,102.327,101.602,102.001,105.076,107.822
 "46520","Urban Honolulu, HI (Metropolitan Statistical Area)", ,MAIRPD,1,"...","Implicit regional price deflator","Index",104.444,108.807,107.778,111.049,112.365,116.807,117.871,117.116,118.586,119.191,121.309,124.140,126.551
 "46540","Utica-Rome, NY (Metropolitan Statistical Area)", ,MAIRPD,1,"...","Implicit regional price deflator","Index",89.388,89.490,90.680,92.401,93.368,96.761,96.623,98.823,99.008,101.042,102.459,102.355,103.791
 "46660","Valdosta, GA (Metropolitan Statistical Area)", ,MAIRPD,1,"...","Implicit regional price deflator","Index",85.194,82.092,86.473,86.608,89.100,87.553,91.616,90.299,91.603,91.554,95.476,97.192,97.733
 "46700","Vallejo, CA (Metropolitan Statistical Area)", ,MAIRPD,1,"...","Implicit regional price deflator","Index",108.391,104.363,105.125,105.970,108.498,109.681,111.870,113.953,115.229,122.909,118.900,119.490,120.589
 "47020","Victoria, TX (Metropolitan Statistical Area)", ,MAIRPD,1,"...","Implicit regional price deflator","Index",89.417,87.279,88.482,94.713,95.598,97.424,100.030,99.794,102.614,101.303,101.875,103.318,106.058
 "47220","Vineland-Bridgeton, NJ (Metropolitan Statistical Area)", ,MAIRPD,1,"...","Implicit regional price deflator","Index",97.379,98.469,99.170,100.940,101.703,100.900,102.102,101.547,103.367,102.885,107.463,106.126,108.023
 "47260","Virginia Beach-Norfolk-Newport News, VA-NC (Metropolitan Statistical Area)", ,MAIRPD,1,"...","Implicit regional price deflator","Index",93.909,93.202,96.812,99.275,100.281,101.377,102.826,103.355,105.156,104.851,105.951,105.743,106.980
 "47300","Visalia, CA (Metropolitan Statistical Area)", ,MAIRPD,1,"...","Implicit regional price deflator","Index",88.831,91.351,91.353,95.512,97.657,97.077,98.197,97.532,97.610,101.780,108.136,108.604,108.517
 "47380","Waco, TX (Metropolitan Statistical Area)", ,MAIRPD,1,"...","Implicit regional price deflator","Index",89.251,87.867,90.882,93.728,96.219,95.075,98.134,99.744,99.697,100.638,101.011,102.511,105.028
 "47460","Walla Walla, WA (Metropolitan Statistical Area)", ,MAIRPD,1,"...","Implicit regional price deflator","Index",92.197,91.503,91.079,94.155,94.280,96.831,100.183,100.792,99.711,106.583,109.182,108.757,108.932
 "47580","Warner Robins, GA (Metropolitan Statistical Area)", ,MAIRPD,1,"...","Implicit regional price deflator","Index",88.327,86.863,88.244,92.629,95.523,96.148,96.673,96.467,97.261,99.884,101.012,99.666,100.137
 "47900","Washington-Arlington-Alexandria, DC-VA-MD-WV (Metropolitan Statistical Area)", ,MAIRPD,1,"...","Implicit regional price deflator","Index",107.729,107.415,109.028,110.719,111.123,114.882,116.661,116.797,116.115,116.054,120.142,120.242,124.052
 "47940","Waterloo-Cedar Falls, IA (Metropolitan Statistical Area)", ,MAIRPD,1,"...","Implicit regional price deflator","Index",86.456,85.114,89.236,89.585,92.193,93.554,95.414,94.047,94.927,96.104,98.654,101.840,102.179
 "48060","Watertown-Fort Drum, NY (Metropolitan Statistical Area)", ,MAIRPD,1,"...","Implicit regional price deflator","Index",88.986,92.086,93.080,96.481,97.557,99.308,98.938,100.088,101.385,103.245,103.376,101.939,103.618
 "48140","Wausau-Weston, WI (Metropolitan Statistical Area)", ,MAIRPD,1,"...","Implicit regional price deflator","Index",87.716,87.200,89.562,91.230,92.590,92.381,93.747,94.316,94.328,96.156,98.892,100.499,100.012
 "48260","Weirton-Steubenville, WV-OH (Metropolitan Statistical Area)", ,MAIRPD,1,"...","Implicit regional price deflator","Index",82.493,82.017,84.546,84.384,88.545,89.821,90.850,90.569,90.880,91.951,93.922,96.134,96.663
 "48300","Wenatchee, WA (Metropolitan Statistical Area)", ,MAIRPD,1,"...","Implicit regional price deflator","Index",91.290,92.602,90.945,93.833,97.077,98.027,99.995,101.251,100.203,106.623,111.030,110.997,111.389
 "48540","Wheeling, WV-OH (Metropolitan Statistical Area)", ,MAIRPD,1,"...","Implicit regional price deflator","Index",82.044,81.410,85.234,86.582,90.313,91.248,92.783,92.926,93.824,95.375,94.095,96.352,96.822
 "48620","Wichita, KS (Metropolitan Statistical Area)", ,MAIRPD,1,"...","Implicit regional price deflator","Index",89.283,88.453,90.129,91.279,93.443,95.373,96.200,95.309,97.029,97.405,99.728,101.807,102.253
 "48660","Wichita Falls, TX (Metropolitan Statistical Area)", ,MAIRPD,1,"...","Implicit regional price deflator","Index",89.013,85.766,89.096,92.642,94.366,94.820,97.345,96.155,98.131,98.011,96.439,99.738,102.127
 "48700","Williamsport, PA (Metropolitan Statistical Area)", ,MAIRPD,1,"...","Implicit regional price deflator","Index",89.959,86.737,87.985,92.588,93.515,96.202,96.578,97.798,96.088,100.863,101.848,101.521,102.632
 "48900","Wilmington, NC (Metropolitan Statistical Area)", ,MAIRPD,1,"...","Implicit regional price deflator","Index",88.950,88.330,91.512,94.185,98.246,98.508,100.287,99.142,100.337,101.762,103.960,105.165,106.173
 "49020","Winchester, VA-WV (Metropolitan Statistical Area)", ,MAIRPD,1,"...","Implicit regional price deflator","Index",87.269,85.553,90.346,92.675,95.152,97.268,97.389,98.566,99.495,97.534,104.389,103.324,104.411
 "49180","Winston-Salem, NC (Metropolitan Statistical Area)", ,MAIRPD,1,"...","Implicit regional price deflator","Index",86.979,85.965,89.056,92.335,92.893,93.832,96.004,96.176,97.589,98.186,98.385,98.360,99.015
 "49340","Worcester, MA-CT (Metropolitan Statistical Area)", ,MAIRPD,1,"...","Implicit regional price deflator","Index",97.652,96.255,97.532,100.086,101.320,101.369,104.649,105.198,108.609,109.333,108.918,109.858,111.907
 "49420","Yakima, WA (Metropolitan Statistical Area)", ,MAIRPD,1,"...","Implicit regional price deflator","Index",87.060,90.427,91.780,94.795,96.541,97.611,98.543,96.262,97.927,100.213,104.832,106.621,106.766
 "49620","York-Hanover, PA (Metropolitan Statistical Area)", ,MAIRPD,1,"...","Implicit regional price deflator","Index",93.655,93.195,93.641,94.439,96.851,100.275,100.083,101.223,101.843,106.154,105.814,106.480,108.119
 "49660","Youngstown-Warren-Boardman, OH-PA (Metropolitan Statistical Area)", ,MAIRPD,1,"...","Implicit regional price deflator","Index",86.693,85.618,87.129,87.916,91.515,91.985,93.331,92.305,93.992,94.572,96.438,98.143,97.423
 "49700","Yuba City, CA (Metropolitan Statistical Area)", ,MAIRPD,1,"...","Implicit regional price deflator","Index",91.237,93.777,92.682,98.756,100.802,100.744,100.201,100.137,99.862,103.047,108.733,110.494,110.669
 "49740","Yuma, AZ (Metropolitan Statistical Area)", ,MAIRPD,1,"...","Implicit regional price deflator","Index",86.753,93.398,90.176,94.459,95.599,96.359,97.081,96.248,94.863,99.429,98.212,99.918,98.679
"Note: See the included footnote file."
"MAIRPD: Implicit Regional Price Deflators by MSA "
"Last updated: December 14, 2021-- new statistics for 2020; revised statistics for 2008-2019."
"Source: U.S. Department of Commerce / Bureau of Economic Analysis / Regional Economic Accounts"
