GeoFIPS,GeoName,Region,TableName,LineCode,IndustryClassification,Description,Unit,2008,2009,2010,2011,2012,2013,2014,2015,2016,2017,2018,2019,2020
 "00000","United States", ,SARPI,1,"..."," Real personal income (millions of constant (2012) dollars) 1/","Millions of constant 2012 dollars",13226438.1,12835528.5,13145590.4,13578992.1,14003346.0,13999660.3,14549525.5,15207440.0,15451718.3,15883838.4,16323319.2,16740966.3,17628679.9
 "01000","Alabama",5,SARPI,1,"..."," Real personal income (millions of constant (2012) dollars) 1/","Millions of constant 2012 dollars",187336.6,187152.4,187279.9,189172.7,190450.8,190336.3,193661.1,203544.4,203118.8,208645.0,217765.2,220892.3,231128.3
 "02000","Alaska",8,SARPI,1,"..."," Real personal income (millions of constant (2012) dollars) 1/","Millions of constant 2012 dollars",32874.4,32771.5,35717.2,36862.9,37973.4,37516.9,38785.7,39586.9,38320.5,37877.0,38797.7,39918.3,40557.5
 "04000","Arizona",6,SARPI,1,"..."," Real personal income (millions of constant (2012) dollars) 1/","Millions of constant 2012 dollars",231774.7,218472.1,225397.5,233946.5,241983.9,243833.1,255373.4,268726.0,274244.5,287093.8,299176.3,309269.1,335393.2
 "05000","Arkansas",5,SARPI,1,"..."," Real personal income (millions of constant (2012) dollars) 1/","Millions of constant 2012 dollars",110733.8,110960.1,110504.6,113831.2,119990.0,118709.1,124218.9,128392.7,130467.1,133409.6,137023.7,139474.3,144752.4
 "06000","California",8,SARPI,1,"..."," Real personal income (millions of constant (2012) dollars) 1/","Millions of constant 2012 dollars",1539207.5,1501979.6,1559084.1,1619420.1,1686834.4,1694852.2,1779397.6,1889769.0,1966517.8,1996461.5,2031413.0,2110441.1,2257635.2
 "08000","Colorado",7,SARPI,1,"..."," Real personal income (millions of constant (2012) dollars) 1/","Millions of constant 2012 dollars",216435.6,208055.8,214698.7,222534.8,230469.6,239354.9,258427.2,269350.2,272577.8,284986.7,307894.2,313007.0,324716.0
 "09000","Connecticut",1,SARPI,1,"..."," Real personal income (millions of constant (2012) dollars) 1/","Millions of constant 2012 dollars",210068.8,207360.5,218099.9,216526.2,217654.9,209363.6,216507.8,222029.2,223770.1,224989.5,237339.9,239391.8,243771.5
 "10000","Delaware",2,SARPI,1,"..."," Real personal income (millions of constant (2012) dollars) 1/","Millions of constant 2012 dollars",38056.0,38051.2,37908.6,40406.2,40635.3,41092.0,41848.1,44484.0,45113.0,46652.1,48456.8,48406.0,51006.8
 "11000","District of Columbia",2,SARPI,1,"..."," Real personal income (millions of constant (2012) dollars) 1/","Millions of constant 2012 dollars",33511.5,33775.0,35446.5,37571.3,38903.1,38121.6,40155.8,43487.4,45795.5,47049.3,47191.0,47836.5,49925.8
 "12000","Florida",5,SARPI,1,"..."," Real personal income (millions of constant (2012) dollars) 1/","Millions of constant 2012 dollars",761128.9,724751.6,760220.1,777404.8,791477.4,785341.8,829811.8,880225.7,904603.2,954660.9,998979.2,1039408.7,1083474.6
 "13000","Georgia",5,SARPI,1,"..."," Real personal income (millions of constant (2012) dollars) 1/","Millions of constant 2012 dollars",377128.3,380311.4,371842.1,391834.2,388674.5,390997.7,411246.1,436653.2,447343.6,463874.1,479603.4,498094.3,528986.8
 "15000","Hawaii",8,SARPI,1,"..."," Real personal income (millions of constant (2012) dollars) 1/","Millions of constant 2012 dollars",54073.7,52489.3,53937.0,54991.0,56425.2,55295.9,58020.5,60244.1,62241.1,63955.9,64063.7,64277.4,66458.6
 "16000","Idaho",7,SARPI,1,"..."," Real personal income (millions of constant (2012) dollars) 1/","Millions of constant 2012 dollars",56210.3,54252.2,56629.4,57541.8,60112.1,61763.9,63856.4,67351.4,70498.7,71766.1,77377.6,80254.7,88085.7
 "17000","Illinois",3,SARPI,1,"..."," Real personal income (millions of constant (2012) dollars) 1/","Millions of constant 2012 dollars",586023.1,550929.4,557485.3,569075.5,588324.8,598683.9,621833.9,653427.7,649493.0,652105.3,669246.0,684117.4,710967.0
 "18000","Indiana",3,SARPI,1,"..."," Real personal income (millions of constant (2012) dollars) 1/","Millions of constant 2012 dollars",260876.1,253419.0,258455.7,270295.7,277376.5,276740.0,283521.7,297867.2,303410.1,311373.8,314077.0,321626.7,341961.9
 "19000","Iowa",4,SARPI,1,"..."," Real personal income (millions of constant (2012) dollars) 1/","Millions of constant 2012 dollars",140447.6,134062.5,133478.9,142069.7,144969.0,145253.8,147480.6,156301.1,155385.6,157894.4,157643.9,158400.2,167572.1
 "20000","Kansas",4,SARPI,1,"..."," Real personal income (millions of constant (2012) dollars) 1/","Millions of constant 2012 dollars",135505.0,128839.5,127661.8,134986.9,139449.7,141341.6,141648.7,143875.2,143913.7,146478.9,148098.7,151688.7,159598.1
 "21000","Kentucky",5,SARPI,1,"..."," Real personal income (millions of constant (2012) dollars) 1/","Millions of constant 2012 dollars",166679.5,167322.2,167658.7,170550.9,173823.7,171809.1,177770.7,186364.2,188248.4,191178.0,194649.3,198812.7,212898.1
 "22000","Louisiana",5,SARPI,1,"..."," Real personal income (millions of constant (2012) dollars) 1/","Millions of constant 2012 dollars",195333.0,191856.7,193795.6,194237.3,200486.3,200830.7,206650.2,208111.7,203909.5,208489.7,216358.7,220425.5,229864.6
 "23000","Maine",1,SARPI,1,"..."," Real personal income (millions of constant (2012) dollars) 1/","Millions of constant 2012 dollars",53633.2,54005.5,55459.3,56131.9,55982.8,54930.2,58380.4,59182.9,60827.6,61113.2,62338.0,64094.6,68204.3
 "24000","Maryland",2,SARPI,1,"..."," Real personal income (millions of constant (2012) dollars) 1/","Millions of constant 2012 dollars",273609.9,269153.6,278456.3,283636.1,291930.2,284549.4,291425.4,304565.5,315507.7,320569.2,324781.7,331591.6,342623.0
 "25000","Massachusetts",1,SARPI,1,"..."," Real personal income (millions of constant (2012) dollars) 1/","Millions of constant 2012 dollars",336467.4,336652.4,348143.7,355424.5,366255.1,368116.0,375208.9,398071.6,397805.5,412545.2,421222.1,432902.0,453961.5
 "26000","Michigan",3,SARPI,1,"..."," Real personal income (millions of constant (2012) dollars) 1/","Millions of constant 2012 dollars",397401.2,377683.0,386443.9,401623.9,411795.2,408992.9,418732.3,449113.5,458546.2,468503.4,467791.0,471493.6,508997.4
 "27000","Minnesota",4,SARPI,1,"..."," Real personal income (millions of constant (2012) dollars) 1/","Millions of constant 2012 dollars",249428.6,234246.7,242578.8,253689.3,263919.5,262147.6,269625.9,285582.1,289275.2,297757.7,297381.8,304386.2,320748.9
 "28000","Mississippi",5,SARPI,1,"..."," Real personal income (millions of constant (2012) dollars) 1/","Millions of constant 2012 dollars",108014.2,109383.3,108672.6,109940.8,112783.6,112624.8,113045.4,115540.8,116002.2,118075.9,119720.0,121041.6,128412.9
 "29000","Missouri",4,SARPI,1,"..."," Real personal income (millions of constant (2012) dollars) 1/","Millions of constant 2012 dollars",262520.0,253733.1,248874.3,254292.8,261846.3,259028.7,262215.1,275105.7,281511.7,283553.3,289844.2,294590.9,310064.8
 "30000","Montana",7,SARPI,1,"..."," Real personal income (millions of constant (2012) dollars) 1/","Millions of constant 2012 dollars",38702.2,38409.7,40463.5,41059.3,43655.2,43475.5,44557.6,45784.3,47081.5,48269.9,51165.2,51922.3,56248.7
 "31000","Nebraska",4,SARPI,1,"..."," Real personal income (millions of constant (2012) dollars) 1/","Millions of constant 2012 dollars",85061.6,83219.2,84914.4,92908.4,93329.3,93010.8,96914.1,101381.5,99551.4,101040.4,100840.3,101924.8,108291.2
 "32000","Nevada",8,SARPI,1,"..."," Real personal income (millions of constant (2012) dollars) 1/","Millions of constant 2012 dollars",107683.5,99930.8,105049.5,105060.3,107664.8,108795.3,115167.1,125179.6,130456.3,132513.0,143656.8,146446.6,156644.1
 "33000","New Hampshire",1,SARPI,1,"..."," Real personal income (millions of constant (2012) dollars) 1/","Millions of constant 2012 dollars",60502.6,61006.3,63069.6,64737.1,66693.9,65825.5,67658.4,69662.7,70119.3,72006.6,74622.4,76528.2,79711.7
 "34000","New Jersey",2,SARPI,1,"..."," Real personal income (millions of constant (2012) dollars) 1/","Millions of constant 2012 dollars",447914.7,418876.4,433882.0,438722.2,446636.0,447072.4,460439.1,478605.2,487674.6,495346.3,498357.4,508882.3,529339.1
 "35000","New Mexico",6,SARPI,1,"..."," Real personal income (millions of constant (2012) dollars) 1/","Millions of constant 2012 dollars",75633.7,74255.7,76938.4,76798.4,77515.3,76123.5,79539.3,82002.4,83255.9,81919.2,87209.1,88543.0,96125.9
 "36000","New York",2,SARPI,1,"..."," Real personal income (millions of constant (2012) dollars) 1/","Millions of constant 2012 dollars",884580.3,873472.7,904311.1,921423.3,959322.5,958854.8,989795.3,1024649.7,1046174.3,1096131.3,1113849.3,1133613.9,1178311.4
 "37000","North Carolina",5,SARPI,1,"..."," Real personal income (millions of constant (2012) dollars) 1/","Millions of constant 2012 dollars",402044.2,393836.7,384369.0,386182.8,406018.4,394675.3,411076.3,433712.4,441339.6,457117.6,471807.0,494939.8,523633.4
 "38000","North Dakota",4,SARPI,1,"..."," Real personal income (millions of constant (2012) dollars) 1/","Millions of constant 2012 dollars",33007.1,31843.0,34379.0,37970.5,42482.3,42367.0,44594.3,43116.1,41744.2,42229.9,42808.4,43899.9,46137.4
 "39000","Ohio",3,SARPI,1,"..."," Real personal income (millions of constant (2012) dollars) 1/","Millions of constant 2012 dollars",486456.5,469575.1,476237.0,500767.5,507110.4,507549.9,521060.5,545498.9,549630.3,563353.3,567512.7,574049.9,616908.2
 "40000","Oklahoma",6,SARPI,1,"..."," Real personal income (millions of constant (2012) dollars) 1/","Millions of constant 2012 dollars",168501.2,158113.6,160021.7,166958.2,174891.2,181077.0,189720.5,184799.0,173959.3,179658.7,185609.0,192837.8,196070.8
 "41000","Oregon",8,SARPI,1,"..."," Real personal income (millions of constant (2012) dollars) 1/","Millions of constant 2012 dollars",151583.1,143337.6,146365.8,149477.3,153100.0,154611.6,164332.3,174142.1,182637.5,186154.8,188381.0,194792.9,209889.8
 "42000","Pennsylvania",2,SARPI,1,"..."," Real personal income (millions of constant (2012) dollars) 1/","Millions of constant 2012 dollars",563794.5,550392.3,567603.0,585316.0,599788.3,599373.0,619150.0,636541.2,650344.9,648931.8,675804.0,686212.6,729033.5
 "44000","Rhode Island",1,SARPI,1,"..."," Real personal income (millions of constant (2012) dollars) 1/","Millions of constant 2012 dollars",45685.2,44367.8,46844.5,47558.5,48960.4,47494.2,49590.4,50499.6,50845.9,51783.8,52400.3,53749.1,56935.8
 "45000","South Carolina",5,SARPI,1,"..."," Real personal income (millions of constant (2012) dollars) 1/","Millions of constant 2012 dollars",172321.0,170425.8,170553.7,174603.0,181369.3,180701.9,190224.6,201425.4,206062.3,214902.3,221940.2,232055.9,246563.9
 "46000","South Dakota",4,SARPI,1,"..."," Real personal income (millions of constant (2012) dollars) 1/","Millions of constant 2012 dollars",40604.5,38921.1,39836.5,42726.1,41563.0,42034.0,43294.0,45656.0,45635.7,46683.9,46666.9,47953.2,52147.6
 "47000","Tennessee",5,SARPI,1,"..."," Real personal income (millions of constant (2012) dollars) 1/","Millions of constant 2012 dollars",252507.5,254563.3,256833.7,264019.5,271551.3,271149.0,279172.5,293407.7,296180.0,306201.0,327809.7,331924.3,344034.4
 "48000","Texas",6,SARPI,1,"..."," Real personal income (millions of constant (2012) dollars) 1/","Millions of constant 2012 dollars",1056778.5,1011036.6,1050296.1,1127859.3,1176886.0,1188512.3,1256278.4,1277568.1,1267263.9,1340082.3,1395093.7,1419981.9,1466415.9
 "49000","Utah",7,SARPI,1,"..."," Real personal income (millions of constant (2012) dollars) 1/","Millions of constant 2012 dollars",98478.8,92355.2,95815.5,98660.1,103862.9,106427.7,112153.6,120716.5,127334.3,129703.0,140774.3,147218.2,160505.6
 "50000","Vermont",1,SARPI,1,"..."," Real personal income (millions of constant (2012) dollars) 1/","Millions of constant 2012 dollars",26895.5,26719.3,27569.4,28619.1,28775.4,28647.1,29895.5,30167.6,30536.8,30433.9,31042.5,31828.2,33490.0
 "51000","Virginia",5,SARPI,1,"..."," Real personal income (millions of constant (2012) dollars) 1/","Millions of constant 2012 dollars",366361.8,362655.9,367446.0,380475.2,394342.2,382951.3,393883.1,410329.4,420119.2,435851.6,439160.6,456928.9,475341.6
 "53000","Washington",8,SARPI,1,"..."," Real personal income (millions of constant (2012) dollars) 1/","Millions of constant 2012 dollars",296308.3,282495.7,292532.4,299935.6,319364.0,322942.6,338857.0,358067.0,368814.6,376366.7,394262.5,408255.0,433804.2
 "54000","West Virginia",5,SARPI,1,"..."," Real personal income (millions of constant (2012) dollars) 1/","Millions of constant 2012 dollars",70029.2,71763.3,71143.8,73250.4,74017.8,72005.2,73012.1,73846.3,72980.6,75764.1,77386.7,78753.6,82331.9
 "55000","Wisconsin",3,SARPI,1,"..."," Real personal income (millions of constant (2012) dollars) 1/","Millions of constant 2012 dollars",250486.5,244880.9,246424.8,255777.0,261757.1,260444.6,266920.4,280213.6,282116.3,288413.1,292608.0,297320.8,313787.8
 "56000","Wyoming",7,SARPI,1,"..."," Real personal income (millions of constant (2012) dollars) 1/","Millions of constant 2012 dollars",30037.3,27405.0,28759.4,30128.1,32161.2,31911.3,33389.4,33514.3,31411.1,31920.4,34316.8,34559.8,35209.1
 "00000","United States", ,SARPI,2,"..."," Real per capita personal income (constant (2012) dollars) 2/","Constant 2012 dollars",43495,41841,42497,43581,44614,44294,45698,47414,47828,48855,49943,50988,53504
 "01000","Alabama",5,SARPI,2,"..."," Real per capita personal income (constant (2012) dollars) 2/","Constant 2012 dollars",39705,39335,39135,39414,39540,39394,39982,41926,41735,42773,44518,45007,46963
 "02000","Alaska",8,SARPI,2,"..."," Real per capita personal income (constant (2012) dollars) 2/","Constant 2012 dollars",47820,46890,50025,51032,51961,50862,52621,53609,51605,51117,52670,54414,55470
 "04000","Arizona",6,SARPI,2,"..."," Real per capita personal income (constant (2012) dollars) 2/","Constant 2012 dollars",36905,34442,35178,36140,36908,36751,37929,39329,39489,40734,41760,42413,45193
 "05000","Arkansas",5,SARPI,2,"..."," Real per capita personal income (constant (2012) dollars) 2/","Constant 2012 dollars",38522,38304,37818,38704,40635,40098,41842,43089,43608,44413,45490,46168,47765
 "06000","California",8,SARPI,2,"..."," Real per capita personal income (constant (2012) dollars) 2/","Constant 2012 dollars",42050,40637,41777,43028,44455,44305,46114,48575,50231,50752,51510,53513,57347
 "08000","Colorado",7,SARPI,2,"..."," Real per capita personal income (constant (2012) dollars) 2/","Constant 2012 dollars",44263,41844,42535,43448,44375,45412,48280,49383,49168,50733,54044,54356,55911
 "09000","Connecticut",1,SARPI,2,"..."," Real per capita personal income (constant (2012) dollars) 2/","Constant 2012 dollars",59248,58218,60936,60337,60540,58225,60213,61871,62509,62928,66397,67131,68533
 "10000","Delaware",2,SARPI,2,"..."," Real per capita personal income (constant (2012) dollars) 2/","Constant 2012 dollars",43056,42671,42137,44520,44385,44469,44847,47220,47488,48700,50111,49562,51689
 "11000","District of Columbia",2,SARPI,2,"..."," Real per capita personal income (constant (2012) dollars) 2/","Constant 2012 dollars",57755,57030,58562,60571,61194,58508,60512,64234,66604,67495,67019,67542,70040
 "12000","Florida",5,SARPI,2,"..."," Real per capita personal income (constant (2012) dollars) 2/","Constant 2012 dollars",41081,38855,40338,40797,41005,40167,41796,43534,43855,45510,47000,48362,49853
 "13000","Georgia",5,SARPI,2,"..."," Real per capita personal income (constant (2012) dollars) 2/","Constant 2012 dollars",39677,39530,38286,39968,39246,39195,40834,42879,43396,44530,45592,46866,49392
 "15000","Hawaii",8,SARPI,2,"..."," Real per capita personal income (constant (2012) dollars) 2/","Constant 2012 dollars",40589,38976,39543,39861,40442,39250,40994,42336,43559,44857,45017,45406,47234
 "16000","Idaho",7,SARPI,2,"..."," Real per capita personal income (constant (2012) dollars) 2/","Constant 2012 dollars",36635,34901,36051,36321,37666,38314,39122,40757,41863,41731,44163,44859,48216
 "17000","Illinois",3,SARPI,2,"..."," Real per capita personal income (constant (2012) dollars) 2/","Constant 2012 dollars",45973,43052,43416,44225,45667,46425,48260,50813,50656,51026,52594,54008,56482
 "18000","Indiana",3,SARPI,2,"..."," Real per capita personal income (constant (2012) dollars) 2/","Constant 2012 dollars",40605,39233,39820,41474,42419,42118,42984,45053,45709,46738,46888,47783,50624
 "19000","Iowa",4,SARPI,2,"..."," Real per capita personal income (constant (2012) dollars) 2/","Constant 2012 dollars",46556,44203,43752,46325,47116,46948,47412,50056,49593,50225,50047,50133,52969
 "20000","Kansas",4,SARPI,2,"..."," Real per capita personal income (constant (2012) dollars) 2/","Constant 2012 dollars",48255,45483,44664,47039,48319,48834,48813,49429,49404,50321,50845,52080,54773
 "21000","Kentucky",5,SARPI,2,"..."," Real per capita personal income (constant (2012) dollars) 2/","Constant 2012 dollars",38854,38758,38556,39020,39615,38986,40247,42077,42395,42907,43602,44454,47551
 "22000","Louisiana",5,SARPI,2,"..."," Real per capita personal income (constant (2012) dollars) 2/","Constant 2012 dollars",44038,42714,42643,42445,43564,43413,44480,44592,43558,44609,46385,47319,49483
 "23000","Maine",1,SARPI,2,"..."," Real per capita personal income (constant (2012) dollars) 2/","Constant 2012 dollars",40310,40618,41773,42253,42153,41346,43855,44529,45654,45752,46517,47627,50516
 "24000","Maryland",2,SARPI,2,"..."," Real per capita personal income (constant (2012) dollars) 2/","Constant 2012 dollars",48129,46970,48103,48566,49577,48024,48896,50858,52523,53178,53753,54764,56578
 "25000","Massachusetts",1,SARPI,2,"..."," Real per capita personal income (constant (2012) dollars) 2/","Constant 2012 dollars",52013,51653,53019,53736,54958,54819,55464,58562,58267,60107,61173,62786,65853
 "26000","Michigan",3,SARPI,2,"..."," Real per capita personal income (constant (2012) dollars) 2/","Constant 2012 dollars",39952,38144,39123,40638,41603,41251,42160,45208,46066,46960,46839,47221,51071
 "27000","Minnesota",4,SARPI,2,"..."," Real per capita personal income (constant (2012) dollars) 2/","Constant 2012 dollars",47537,44355,45675,47449,49078,48414,49448,52075,52354,53464,53021,53969,56696
 "28000","Mississippi",5,SARPI,2,"..."," Real per capita personal income (constant (2012) dollars) 2/","Constant 2012 dollars",36642,36969,36583,36903,37789,37669,37784,38639,38789,39481,40136,40642,43284
 "29000","Missouri",4,SARPI,2,"..."," Real per capita personal income (constant (2012) dollars) 2/","Constant 2012 dollars",44315,42565,41506,42303,43453,42864,43276,45282,46215,46398,47314,47975,50404
 "30000","Montana",7,SARPI,2,"..."," Real per capita personal income (constant (2012) dollars) 2/","Constant 2012 dollars",39637,39035,40842,41161,43474,42869,43570,44386,45178,45803,48186,48520,52054
 "31000","Nebraska",4,SARPI,2,"..."," Real per capita personal income (constant (2012) dollars) 2/","Constant 2012 dollars",47352,45909,46412,50469,50348,49850,51551,53583,52217,52708,52371,52741,55891
 "32000","Nevada",8,SARPI,2,"..."," Real per capita personal income (constant (2012) dollars) 2/","Constant 2012 dollars",40580,37223,38871,38723,39227,39178,40855,43639,44684,44586,47400,47382,49914
 "33000","New Hampshire",1,SARPI,2,"..."," Real per capita personal income (constant (2012) dollars) 2/","Constant 2012 dollars",45978,46354,47896,49027,50347,49595,50709,52085,52184,53323,55069,56238,58342
 "34000","New Jersey",2,SARPI,2,"..."," Real per capita personal income (constant (2012) dollars) 2/","Constant 2012 dollars",51419,47841,49308,49694,50492,50472,51926,53956,54958,55731,56047,57234,59594
 "35000","New Mexico",6,SARPI,2,"..."," Real per capita personal income (constant (2012) dollars) 2/","Constant 2012 dollars",37616,36457,37265,36910,37129,36373,38053,39234,39787,39143,41652,42171,45637
 "36000","New York",2,SARPI,2,"..."," Real per capita personal income (constant (2012) dollars) 2/","Constant 2012 dollars",46042,45241,46614,47253,49009,48855,50362,52126,53277,55943,56992,58244,60936
 "37000","North Carolina",5,SARPI,2,"..."," Real per capita personal income (constant (2012) dollars) 2/","Constant 2012 dollars",43187,41678,40145,39982,41635,40082,41367,43210,43431,44485,45404,47131,49396
 "38000","North Dakota",4,SARPI,2,"..."," Real per capita personal income (constant (2012) dollars) 2/","Constant 2012 dollars",50196,47887,50951,55389,60497,58587,60366,57067,55209,55804,56322,57481,60286
 "39000","Ohio",3,SARPI,2,"..."," Real per capita personal income (constant (2012) dollars) 2/","Constant 2012 dollars",42244,40730,41270,43373,43902,43831,44894,46935,47219,48291,48585,49079,52758
 "40000","Oklahoma",6,SARPI,2,"..."," Real per capita personal income (constant (2012) dollars) 2/","Constant 2012 dollars",45926,42531,42559,44066,45791,46986,48907,47257,44285,45673,47067,48688,49254
 "41000","Oregon",8,SARPI,2,"..."," Real per capita personal income (constant (2012) dollars) 2/","Constant 2012 dollars",40221,37635,38140,38598,39255,39400,41441,43335,44619,44886,45029,46202,49485
 "42000","Pennsylvania",2,SARPI,2,"..."," Real per capita personal income (constant (2012) dollars) 2/","Constant 2012 dollars",44702,43451,44653,45918,46972,46901,48400,49769,50854,50719,52760,53615,57030
 "44000","Rhode Island",1,SARPI,2,"..."," Real per capita personal income (constant (2012) dollars) 2/","Constant 2012 dollars",43303,42109,44445,45129,46413,44994,46938,47781,48067,49012,49465,50795,53859
 "45000","South Carolina",5,SARPI,2,"..."," Real per capita personal income (constant (2012) dollars) 2/","Constant 2012 dollars",38048,37131,36790,37367,38434,37911,39410,41141,41519,42749,43589,44992,47252
 "46000","South Dakota",4,SARPI,2,"..."," Real per capita personal income (constant (2012) dollars) 2/","Constant 2012 dollars",50811,48225,48808,51868,49844,49877,50954,53420,52838,53430,53068,54055,58414
 "47000","Tennessee",5,SARPI,2,"..."," Real per capita personal income (constant (2012) dollars) 2/","Constant 2012 dollars",40418,40368,40411,41251,42063,41735,42657,44487,44530,45601,48362,48596,49955
 "48000","Texas",6,SARPI,2,"..."," Real per capita personal income (constant (2012) dollars) 2/","Constant 2012 dollars",43473,40765,41609,43979,45119,44884,46593,46510,45399,47368,48738,48987,49945
 "49000","Utah",7,SARPI,2,"..."," Real per capita personal income (constant (2012) dollars) 2/","Constant 2012 dollars",36980,33911,34523,35051,36390,36715,38169,40460,41828,41792,44617,45957,49388
 "50000","Vermont",1,SARPI,2,"..."," Real per capita personal income (constant (2012) dollars) 2/","Constant 2012 dollars",43091,42763,44049,45630,45941,45718,47780,48206,48908,48684,49684,51003,53726
 "51000","Virginia",5,SARPI,2,"..."," Real per capita personal income (constant (2012) dollars) 2/","Constant 2012 dollars",46769,45756,45793,46958,48164,46385,47368,49040,49909,51452,51600,53400,55333
 "53000","Washington",8,SARPI,2,"..."," Real per capita personal income (constant (2012) dollars) 2/","Constant 2012 dollars",45154,42370,43383,43931,46294,46358,48014,49959,50523,50669,52381,53619,56385
 "54000","West Virginia",5,SARPI,2,"..."," Real per capita personal income (constant (2012) dollars) 2/","Constant 2012 dollars",38053,38838,38368,39454,39849,38822,39454,40061,39827,41659,42851,43867,46130
 "55000","Wisconsin",3,SARPI,2,"..."," Real per capita personal income (constant (2012) dollars) 2/","Constant 2012 dollars",44405,43194,43304,44827,45755,45389,46395,48623,48850,49785,50369,51046,53798
 "56000","Wyoming",7,SARPI,2,"..."," Real per capita personal income (constant (2012) dollars) 2/","Constant 2012 dollars",55009,48950,50944,53090,55772,54772,57256,57154,53672,55036,59264,59574,60463
 "00000","United States", ,SARPI,3,"..."," Real PCE (millions of constant (2012) dollars) 3/","Millions of constant 2012 dollars",10654688.5,10515591.5,10716007.5,10898345.3,11047363.2,11211711.4,11515312.3,11892947.4,12187675.5,12483677.4,12845029.2,13126286.3,12629896.7
 "01000","Alabama",5,SARPI,3,"..."," Real PCE (millions of constant (2012) dollars) 3/","Millions of constant 2012 dollars",154136.2,154251.7,152978.9,154000.3,153964.4,156274.7,158801.9,164127.8,165559.2,170601.0,179311.2,181497.3,177776.9
 "02000","Alaska",8,SARPI,3,"..."," Real PCE (millions of constant (2012) dollars) 3/","Millions of constant 2012 dollars",27132.4,27160.9,28769.3,29231.9,30101.0,30479.9,30847.5,31106.5,31276.5,31334.5,32167.8,33234.0,31034.2
 "04000","Arizona",6,SARPI,3,"..."," Real PCE (millions of constant (2012) dollars) 3/","Millions of constant 2012 dollars",203225.2,195775.7,203890.8,208613.8,213104.3,215761.2,224210.8,232655.5,237126.1,248540.3,258541.1,265845.6,260537.2
 "05000","Arkansas",5,SARPI,3,"..."," Real PCE (millions of constant (2012) dollars) 3/","Millions of constant 2012 dollars",89781.0,90924.3,90722.8,91681.6,92789.1,93304.1,95551.4,98626.6,100875.9,103635.3,106285.6,107449.0,105340.8
 "06000","California",8,SARPI,3,"..."," Real PCE (millions of constant (2012) dollars) 3/","Millions of constant 2012 dollars",1240533.2,1212345.9,1244599.8,1268693.6,1291539.4,1315157.1,1355802.4,1403629.5,1460675.2,1493956.8,1530105.5,1590887.4,1495470.9
 "08000","Colorado",7,SARPI,3,"..."," Real PCE (millions of constant (2012) dollars) 3/","Millions of constant 2012 dollars",177563.7,177338.0,182970.1,182772.4,184107.0,189499.1,198894.0,208802.8,219237.0,226426.4,240511.5,243779.7,236760.8
 "09000","Connecticut",1,SARPI,3,"..."," Real PCE (millions of constant (2012) dollars) 3/","Millions of constant 2012 dollars",140936.9,137852.0,143715.2,143484.1,144931.2,145260.4,148397.9,151337.9,153123.5,155259.1,162720.9,163830.9,155937.1
 "10000","Delaware",2,SARPI,3,"..."," Real PCE (millions of constant (2012) dollars) 3/","Millions of constant 2012 dollars",34665.5,33856.8,34709.2,35504.1,36160.8,36877.9,37067.4,38792.6,39313.9,40189.1,41699.7,42179.2,41186.1
 "11000","District of Columbia",2,SARPI,3,"..."," Real PCE (millions of constant (2012) dollars) 3/","Millions of constant 2012 dollars",31291.8,30696.5,31301.8,32139.2,33181.8,33363.9,34214.6,35830.8,37420.6,38818.1,39647.0,41138.9,37471.6
 "12000","Florida",5,SARPI,3,"..."," Real PCE (millions of constant (2012) dollars) 3/","Millions of constant 2012 dollars",666726.3,655278.8,667768.5,679275.7,691302.8,705794.5,733711.4,767136.1,791447.7,813925.6,850008.2,880136.8,846225.4
 "13000","Georgia",5,SARPI,3,"..."," Real PCE (millions of constant (2012) dollars) 3/","Millions of constant 2012 dollars",314573.7,315539.0,311177.6,321061.5,320127.0,328386.8,339990.6,353783.0,363854.3,375159.0,388829.2,399576.1,388721.0
 "15000","Hawaii",8,SARPI,3,"..."," Real PCE (millions of constant (2012) dollars) 3/","Millions of constant 2012 dollars",45285.6,44100.3,45523.9,46270.5,47457.9,47315.7,48787.4,49652.2,51013.8,52394.7,54071.2,54728.8,50923.3
 "16000","Idaho",7,SARPI,3,"..."," Real PCE (millions of constant (2012) dollars) 3/","Millions of constant 2012 dollars",46620.8,45332.6,47209.9,47252.2,48271.2,49492.4,50586.0,52448.5,55554.7,56948.8,61801.5,62634.6,63865.6
 "17000","Illinois",3,SARPI,3,"..."," Real PCE (millions of constant (2012) dollars) 3/","Millions of constant 2012 dollars",457909.1,443338.3,449779.0,453463.0,459574.7,465628.1,478434.8,493497.2,498923.9,502801.0,513045.0,523706.7,495383.1
 "18000","Indiana",3,SARPI,3,"..."," Real PCE (millions of constant (2012) dollars) 3/","Millions of constant 2012 dollars",215455.8,212440.9,212945.0,217856.4,221066.0,222831.7,226601.1,234366.3,239991.2,249527.6,251086.1,253292.3,250130.6
 "19000","Iowa",4,SARPI,3,"..."," Real PCE (millions of constant (2012) dollars) 3/","Millions of constant 2012 dollars",108837.1,106780.5,106735.7,110461.1,110345.6,110831.8,112384.2,117133.0,118522.7,121372.9,120333.8,120650.0,117417.6
 "20000","Kansas",4,SARPI,3,"..."," Real PCE (millions of constant (2012) dollars) 3/","Millions of constant 2012 dollars",103898.7,100261.4,99662.4,100887.7,100621.4,101402.8,102717.4,105720.3,107598.3,109693.1,110579.5,112138.0,110175.9
 "21000","Kentucky",5,SARPI,3,"..."," Real PCE (millions of constant (2012) dollars) 3/","Millions of constant 2012 dollars",140351.6,142574.1,142611.8,144218.6,144875.5,144614.8,147862.9,152975.8,157500.4,161144.4,165798.7,167031.2,163987.4
 "22000","Louisiana",5,SARPI,3,"..."," Real PCE (millions of constant (2012) dollars) 3/","Millions of constant 2012 dollars",147680.6,148741.4,149507.5,151587.6,152495.2,154584.9,157822.6,162333.3,163217.7,166807.5,172055.0,174896.2,168266.1
 "23000","Maine",1,SARPI,3,"..."," Real PCE (millions of constant (2012) dollars) 3/","Millions of constant 2012 dollars",49879.8,50084.1,51787.2,51887.5,51326.9,51359.0,54213.2,54023.1,55526.2,56247.1,57394.0,58577.7,56785.8
 "24000","Maryland",2,SARPI,3,"..."," Real PCE (millions of constant (2012) dollars) 3/","Millions of constant 2012 dollars",206557.0,202412.6,208972.7,209809.3,215532.0,214782.0,219260.6,224179.5,229551.2,233306.9,238565.0,243713.4,226691.9
 "25000","Massachusetts",1,SARPI,3,"..."," Real PCE (millions of constant (2012) dollars) 3/","Millions of constant 2012 dollars",272201.9,272204.9,277163.5,280160.5,284261.6,290678.3,294294.9,303614.3,302062.6,311443.1,315306.1,322045.8,299971.2
 "26000","Michigan",3,SARPI,3,"..."," Real PCE (millions of constant (2012) dollars) 3/","Millions of constant 2012 dollars",334804.5,329659.0,336675.1,344702.9,350487.4,354717.8,362256.3,379504.6,390155.6,401834.1,403540.7,405025.3,393269.4
 "27000","Minnesota",4,SARPI,3,"..."," Real PCE (millions of constant (2012) dollars) 3/","Millions of constant 2012 dollars",206533.7,199555.0,204653.2,209460.4,210897.5,213136.9,215870.8,223624.8,228832.9,236801.3,236893.4,241972.0,229001.5
 "28000","Mississippi",5,SARPI,3,"..."," Real PCE (millions of constant (2012) dollars) 3/","Millions of constant 2012 dollars",89457.0,90863.6,90230.2,90754.4,92001.4,91989.3,93017.9,95343.2,96302.0,97865.6,100365.2,100251.4,98330.7
 "29000","Missouri",4,SARPI,3,"..."," Real PCE (millions of constant (2012) dollars) 3/","Millions of constant 2012 dollars",222751.2,217151.3,214437.8,219004.1,221815.1,221597.7,222023.4,230527.9,235232.0,239834.9,244649.5,246736.8,239174.1
 "30000","Montana",7,SARPI,3,"..."," Real PCE (millions of constant (2012) dollars) 3/","Millions of constant 2012 dollars",35252.4,35058.9,36411.4,36274.3,37591.9,38215.2,38488.9,39166.7,40726.3,41254.8,44047.3,44026.7,44465.6
 "31000","Nebraska",4,SARPI,3,"..."," Real PCE (millions of constant (2012) dollars) 3/","Millions of constant 2012 dollars",66810.4,65558.6,66504.1,68500.9,69079.3,70125.9,71543.3,73957.6,76230.8,78368.5,78181.1,78606.0,77154.8
 "32000","Nevada",8,SARPI,3,"..."," Real PCE (millions of constant (2012) dollars) 3/","Millions of constant 2012 dollars",91260.6,85520.9,88208.9,88276.3,89658.6,93053.8,96468.3,100925.0,105361.6,106384.4,114966.7,115824.5,113990.9
 "33000","New Hampshire",1,SARPI,3,"..."," Real PCE (millions of constant (2012) dollars) 3/","Millions of constant 2012 dollars",52093.1,52977.4,54173.3,54654.6,55068.9,55907.8,57003.7,58239.2,58562.7,60155.9,62254.8,63389.3,61305.9
 "34000","New Jersey",2,SARPI,3,"..."," Real PCE (millions of constant (2012) dollars) 3/","Millions of constant 2012 dollars",345606.9,327709.9,338400.5,337179.1,340519.7,344669.2,349776.8,357133.9,363568.1,365593.7,369423.7,376167.5,360787.4
 "35000","New Mexico",6,SARPI,3,"..."," Real PCE (millions of constant (2012) dollars) 3/","Millions of constant 2012 dollars",63826.3,62425.0,64706.5,63925.0,64504.3,65795.4,67075.4,69295.7,70501.1,70289.8,74962.3,74224.5,72931.0
 "36000","New York",2,SARPI,3,"..."," Real PCE (millions of constant (2012) dollars) 3/","Millions of constant 2012 dollars",659918.4,659911.2,680795.2,687733.1,702173.4,715168.2,743544.8,761227.1,775750.7,795591.4,824755.5,843572.4,784533.7
 "37000","North Carolina",5,SARPI,3,"..."," Real PCE (millions of constant (2012) dollars) 3/","Millions of constant 2012 dollars",311599.3,312295.7,314819.0,318128.2,324410.7,329023.0,337666.6,348921.9,356882.4,370070.4,384712.8,402636.3,397413.9
 "38000","North Dakota",4,SARPI,3,"..."," Real PCE (millions of constant (2012) dollars) 3/","Millions of constant 2012 dollars",26361.6,26420.5,27102.2,29064.7,30195.4,32229.3,33719.8,34697.5,34411.3,34594.8,34020.7,34363.7,32851.9
 "39000","Ohio",3,SARPI,3,"..."," Real PCE (millions of constant (2012) dollars) 3/","Millions of constant 2012 dollars",401322.8,391962.8,398688.3,408607.0,411365.3,416168.6,424714.3,440161.4,447327.1,457670.8,460651.6,464436.2,457102.5
 "40000","Oklahoma",6,SARPI,3,"..."," Real PCE (millions of constant (2012) dollars) 3/","Millions of constant 2012 dollars",119638.4,119331.3,120300.5,122592.7,124217.5,125604.1,128094.1,130635.4,131625.3,133313.8,137947.1,139753.8,135341.1
 "41000","Oregon",8,SARPI,3,"..."," Real PCE (millions of constant (2012) dollars) 3/","Millions of constant 2012 dollars",130427.0,125276.2,128493.6,129396.6,128701.4,131818.9,137318.6,142061.1,148847.2,152444.0,153811.9,158885.7,156276.0
 "42000","Pennsylvania",2,SARPI,3,"..."," Real PCE (millions of constant (2012) dollars) 3/","Millions of constant 2012 dollars",472287.3,468049.5,480842.9,489714.7,492953.7,497165.4,506021.4,513151.1,521552.4,523274.3,543219.3,552717.3,525981.5
 "44000","Rhode Island",1,SARPI,3,"..."," Real PCE (millions of constant (2012) dollars) 3/","Millions of constant 2012 dollars",37749.0,37270.5,38033.5,38309.1,38486.5,38283.8,39634.4,40092.0,40734.0,41186.2,41853.7,42266.3,40076.5
 "45000","South Carolina",5,SARPI,3,"..."," Real PCE (millions of constant (2012) dollars) 3/","Millions of constant 2012 dollars",151708.5,151836.9,153731.5,154888.5,156862.7,159827.9,165275.0,170738.6,174699.6,180771.3,187617.5,194259.8,192240.4
 "46000","South Dakota",4,SARPI,3,"..."," Real PCE (millions of constant (2012) dollars) 3/","Millions of constant 2012 dollars",30241.6,30114.6,30603.9,31526.3,30947.1,31863.7,32464.8,34386.2,35288.7,36648.9,36640.2,37069.7,36681.1
 "47000","Tennessee",5,SARPI,3,"..."," Real PCE (millions of constant (2012) dollars) 3/","Millions of constant 2012 dollars",209263.6,209622.3,210160.7,213085.1,214215.3,215761.8,222388.1,228978.6,232710.3,240694.5,256254.1,258131.1,251970.4
 "48000","Texas",6,SARPI,3,"..."," Real PCE (millions of constant (2012) dollars) 3/","Millions of constant 2012 dollars",798674.1,802445.5,821953.1,855433.3,873935.7,894965.1,930924.3,966868.6,998939.1,1031360.4,1059107.3,1077502.7,1051771.0
 "49000","Utah",7,SARPI,3,"..."," Real PCE (millions of constant (2012) dollars) 3/","Millions of constant 2012 dollars",80402.1,77099.7,79861.7,79792.6,82570.4,85517.8,89678.0,94078.2,99398.4,101470.3,109308.9,112047.1,114548.0
 "50000","Vermont",1,SARPI,3,"..."," Real PCE (millions of constant (2012) dollars) 3/","Millions of constant 2012 dollars",24464.9,24494.0,25305.5,25957.9,25985.3,26098.3,26976.3,26806.9,27099.6,26929.8,27810.1,28264.6,26737.7
 "51000","Virginia",5,SARPI,3,"..."," Real PCE (millions of constant (2012) dollars) 3/","Millions of constant 2012 dollars",285558.4,285936.8,288740.2,293378.1,298922.8,298480.0,303311.5,308892.1,316891.0,326477.4,331421.0,342608.5,327035.8
 "53000","Washington",8,SARPI,3,"..."," Real PCE (millions of constant (2012) dollars) 3/","Millions of constant 2012 dollars",235866.6,233000.1,241506.6,244956.6,250299.6,256896.4,262296.2,273285.5,281069.1,286992.4,300881.9,308355.4,296640.8
 "54000","West Virginia",5,SARPI,3,"..."," Real PCE (millions of constant (2012) dollars) 3/","Millions of constant 2012 dollars",60637.7,62657.4,62361.1,63489.8,64320.5,63961.4,64087.1,64921.8,66144.0,67607.7,68759.8,70169.5,67875.3
 "55000","Wisconsin",3,SARPI,3,"..."," Real PCE (millions of constant (2012) dollars) 3/","Millions of constant 2012 dollars",205548.7,202181.9,204121.0,208381.7,207383.0,209944.2,213070.7,219644.4,224032.8,229303.3,233412.3,235465.0,230514.1
 "56000","Wyoming",7,SARPI,3,"..."," Real PCE (millions of constant (2012) dollars) 3/","Millions of constant 2012 dollars",20985.0,20349.6,20940.6,21087.8,21768.5,22246.0,22415.0,22814.6,22675.7,22796.9,24037.8,24187.6,23844.0
 "00000","United States", ,SARPI,4,"..."," Real per capita PCE (constant (2012) dollars) 4/","Constant 2012 dollars",35037,34278,34643,34977,35196,35473,36168,37080,37724,38397,39301,39979,38332
 "01000","Alabama",5,SARPI,4,"..."," Real per capita PCE (constant (2012) dollars) 4/","Constant 2012 dollars",32668,32420,31967,32086,31965,32344,32785,33807,34018,34974,36657,36980,36122
 "02000","Alaska",8,SARPI,4,"..."," Real per capita PCE (constant (2012) dollars) 4/","Constant 2012 dollars",39468,38863,40294,40468,41189,41322,41851,42125,42119,42288,43669,45302,42445
 "04000","Arizona",6,SARPI,4,"..."," Real per capita PCE (constant (2012) dollars) 4/","Constant 2012 dollars",32359,30864,31821,32226,32504,32520,33301,34050,34145,35264,36088,36458,35106
 "05000","Arkansas",5,SARPI,4,"..."," Real per capita PCE (constant (2012) dollars) 4/","Constant 2012 dollars",31233,31387,31048,31173,31423,31517,32186,33099,33717,34501,35286,35568,34760
 "06000","California",8,SARPI,4,"..."," Real per capita PCE (constant (2012) dollars) 4/","Constant 2012 dollars",33890,32800,33350,33709,34038,34380,35137,36079,37310,37978,38798,40339,37987
 "08000","Colorado",7,SARPI,4,"..."," Real per capita PCE (constant (2012) dollars) 4/","Constant 2012 dollars",36314,35666,36249,35684,35448,35953,37158,38282,39546,40308,42216,42334,40767
 "09000","Connecticut",1,SARPI,4,"..."," Real per capita PCE (constant (2012) dollars) 4/","Constant 2012 dollars",39750,38703,40153,39983,40312,40397,41271,42172,42774,43425,45522,45942,43839
 "10000","Delaware",2,SARPI,4,"..."," Real per capita PCE (constant (2012) dollars) 4/","Constant 2012 dollars",39220,37968,38581,39119,39498,39908,39724,41178,41384,41954,43123,43187,41737
 "11000","District of Columbia",2,SARPI,4,"..."," Real per capita PCE (constant (2012) dollars) 4/","Constant 2012 dollars",53929,51832,51714,51813,52194,51206,51559,52925,54424,55687,56305,58085,52568
 "12000","Florida",5,SARPI,4,"..."," Real per capita PCE (constant (2012) dollars) 4/","Constant 2012 dollars",35986,35131,35433,35647,35815,36099,36956,37941,38369,38801,39991,40952,38937
 "13000","Georgia",5,SARPI,4,"..."," Real per capita PCE (constant (2012) dollars) 4/","Constant 2012 dollars",33096,32797,32040,32749,32324,32919,33759,34741,35297,36014,36963,37596,36295
 "15000","Hawaii",8,SARPI,4,"..."," Real per capita PCE (constant (2012) dollars) 4/","Constant 2012 dollars",33993,32747,33375,33540,34015,33585,34471,34893,35702,36749,37995,38661,36193
 "16000","Idaho",7,SARPI,4,"..."," Real per capita PCE (constant (2012) dollars) 4/","Constant 2012 dollars",30385,29163,30054,29826,30247,30701,30992,31739,32989,33115,35273,35010,34958
 "17000","Illinois",3,SARPI,4,"..."," Real per capita PCE (constant (2012) dollars) 4/","Constant 2012 dollars",35923,34645,35028,35240,35673,36107,37131,38376,38912,39343,40319,41344,39355
 "18000","Indiana",3,SARPI,4,"..."," Real per capita PCE (constant (2012) dollars) 4/","Constant 2012 dollars",33535,32889,32808,33428,33807,33914,34354,35449,36155,37455,37484,37631,37029
 "19000","Iowa",4,SARPI,4,"..."," Real per capita PCE (constant (2012) dollars) 4/","Constant 2012 dollars",36078,35208,34986,36019,35863,35822,36129,37512,37828,38608,38202,38185,37116
 "20000","Kansas",4,SARPI,4,"..."," Real per capita PCE (constant (2012) dollars) 4/","Constant 2012 dollars",37000,35394,34868,35156,34865,35035,35397,36321,36938,37684,37964,38501,37812
 "21000","Kentucky",5,SARPI,4,"..."," Real per capita PCE (constant (2012) dollars) 4/","Constant 2012 dollars",32717,33026,32796,32996,33017,32815,33476,34539,35471,36167,37139,37348,36627
 "22000","Louisiana",5,SARPI,4,"..."," Real per capita PCE (constant (2012) dollars) 4/","Constant 2012 dollars",33294,33115,32898,33125,33136,33416,33970,34783,34866,35691,36886,37545,36223
 "23000","Maine",1,SARPI,4,"..."," Real per capita PCE (constant (2012) dollars) 4/","Constant 2012 dollars",37489,37669,39007,39058,38647,38658,40725,40646,41675,42109,42827,43527,42059
 "24000","Maryland",2,SARPI,4,"..."," Real per capita PCE (constant (2012) dollars) 4/","Constant 2012 dollars",36334,35323,36100,35925,36603,36249,36788,37435,38214,38703,39483,40250,37434
 "25000","Massachusetts",1,SARPI,4,"..."," Real per capita PCE (constant (2012) dollars) 4/","Constant 2012 dollars",42078,41765,42209,42357,42655,43287,43503,44666,44243,45376,45791,46708,43515
 "26000","Michigan",3,SARPI,4,"..."," Real per capita PCE (constant (2012) dollars) 4/","Constant 2012 dollars",33659,33294,34085,34878,35409,35777,36474,38201,39195,40277,40405,40564,39459
 "27000","Minnesota",4,SARPI,4,"..."," Real per capita PCE (constant (2012) dollars) 4/","Constant 2012 dollars",39362,37786,38534,39176,39219,39362,39590,40778,41415,42519,42236,42902,40479
 "28000","Mississippi",5,SARPI,4,"..."," Real per capita PCE (constant (2012) dollars) 4/","Constant 2012 dollars",30347,30710,30374,30463,30825,30767,31090,31885,32202,32724,33647,33661,33144
 "29000","Missouri",4,SARPI,4,"..."," Real per capita PCE (constant (2012) dollars) 4/","Constant 2012 dollars",37602,36428,35763,36433,36810,36670,36643,37944,38617,39244,39936,40182,38880
 "30000","Montana",7,SARPI,4,"..."," Real per capita PCE (constant (2012) dollars) 4/","Constant 2012 dollars",36104,35630,36752,36365,37436,37682,37636,37971,39080,39146,41483,41142,41150
 "31000","Nebraska",4,SARPI,4,"..."," Real per capita PCE (constant (2012) dollars) 4/","Constant 2012 dollars",37192,36167,36349,37210,37266,37585,38056,39088,39985,40881,40603,40674,39821
 "32000","Nevada",8,SARPI,4,"..."," Real per capita PCE (constant (2012) dollars) 4/","Constant 2012 dollars",34391,31855,32640,32537,32666,33509,34222,35184,36088,35794,37934,37474,36323
 "33000","New Hampshire",1,SARPI,4,"..."," Real per capita PCE (constant (2012) dollars) 4/","Constant 2012 dollars",39587,40253,41140,41391,41572,42122,42723,43544,43583,44547,45942,46583,44871
 "34000","New Jersey",2,SARPI,4,"..."," Real per capita PCE (constant (2012) dollars) 4/","Constant 2012 dollars",39674,37429,38457,38192,38496,38911,39446,40262,40972,41133,41547,42308,40618
 "35000","New Mexico",6,SARPI,4,"..."," Real per capita PCE (constant (2012) dollars) 4/","Constant 2012 dollars",31744,30649,31341,30723,30897,31438,32090,33155,33691,33586,35803,35351,34625
 "36000","New York",2,SARPI,4,"..."," Real per capita PCE (constant (2012) dollars) 4/","Constant 2012 dollars",34349,34180,35093,35269,35872,36439,37833,38725,39506,40604,42200,43342,40572
 "37000","North Carolina",5,SARPI,4,"..."," Real per capita PCE (constant (2012) dollars) 4/","Constant 2012 dollars",33471,33049,32881,32936,33267,33414,33980,34763,35120,36014,37022,38341,37489
 "38000","North Dakota",4,SARPI,4,"..."," Real per capita PCE (constant (2012) dollars) 4/","Constant 2012 dollars",40090,39732,40166,42398,43000,44568,45645,45924,45511,45715,44760,44995,42926
 "39000","Ohio",3,SARPI,4,"..."," Real per capita PCE (constant (2012) dollars) 4/","Constant 2012 dollars",34851,33998,34550,35390,35613,35940,36593,37872,38430,39232,39436,39707,39091
 "40000","Oklahoma",6,SARPI,4,"..."," Real per capita PCE (constant (2012) dollars) 4/","Constant 2012 dollars",32608,32099,31995,32356,32523,32592,33021,33406,33508,33891,34981,35285,33999
 "41000","Oregon",8,SARPI,4,"..."," Real per capita PCE (constant (2012) dollars) 4/","Constant 2012 dollars",34608,32893,33483,33413,33000,33592,34629,35351,36364,36757,36766,37685,36844
 "42000","Pennsylvania",2,SARPI,4,"..."," Real per capita PCE (constant (2012) dollars) 4/","Constant 2012 dollars",37447,36951,37828,38418,38605,38903,39556,40122,40783,40898,42409,43185,41146
 "44000","Rhode Island",1,SARPI,4,"..."," Real per capita PCE (constant (2012) dollars) 4/","Constant 2012 dollars",35781,35373,36085,36352,36484,36269,37514,37934,38508,38982,39509,39943,37911
 "45000","South Carolina",5,SARPI,4,"..."," Real per capita PCE (constant (2012) dollars) 4/","Constant 2012 dollars",33497,33081,33161,33148,33240,33532,34241,34873,35200,35959,36848,37664,36842
 "46000","South Dakota",4,SARPI,4,"..."," Real per capita PCE (constant (2012) dollars) 4/","Constant 2012 dollars",37843,37314,37496,38272,37113,37809,38209,40234,40858,41945,41666,41786,41089
 "47000","Tennessee",5,SARPI,4,"..."," Real per capita PCE (constant (2012) dollars) 4/","Constant 2012 dollars",33496,33242,33067,33293,33182,33210,33980,34718,34987,35846,37806,37792,36587
 "48000","Texas",6,SARPI,4,"..."," Real per capita PCE (constant (2012) dollars) 4/","Constant 2012 dollars",32855,32354,32563,33356,33505,33798,34526,35199,35786,36455,37000,37172,35822
 "49000","Utah",7,SARPI,4,"..."," Real per capita PCE (constant (2012) dollars) 4/","Constant 2012 dollars",30192,28310,28775,28348,28930,29501,30520,31532,32651,32695,34645,34978,35247
 "50000","Vermont",1,SARPI,4,"..."," Real per capita PCE (constant (2012) dollars) 4/","Constant 2012 dollars",39197,39202,40432,41387,41486,41650,43114,42835,43403,43079,44510,45292,42894
 "51000","Virginia",5,SARPI,4,"..."," Real per capita PCE (constant (2012) dollars) 4/","Constant 2012 dollars",36454,36076,35985,36209,36510,36154,36476,36917,37646,38541,38941,40040,38069
 "53000","Washington",8,SARPI,4,"..."," Real per capita PCE (constant (2012) dollars) 4/","Constant 2012 dollars",35943,34946,35816,35878,36283,36877,37165,38130,38503,38637,39975,40498,38557
 "54000","West Virginia",5,SARPI,4,"..."," Real per capita PCE (constant (2012) dollars) 4/","Constant 2012 dollars",32950,33910,33631,34197,34628,34485,34631,35220,36096,37174,38074,39086,38030
 "55000","Wisconsin",3,SARPI,4,"..."," Real per capita PCE (constant (2012) dollars) 4/","Constant 2012 dollars",36438,35663,35870,36521,36251,36588,37035,38113,38792,39582,40179,40426,39521
 "56000","Wyoming",7,SARPI,4,"..."," Real per capita PCE (constant (2012) dollars) 4/","Constant 2012 dollars",38431,36348,37094,37160,37750,38183,38437,38907,38746,39305,41512,41694,40946
"Note: See the included footnote file."
"SARPI: Real Personal Income and Real Personal Consumption Expenditures (PCE) by state "
"Last updated: December 14, 2021-- new statistics for 2020; revised statistics for 2008-2019."
"Source: U.S. Department of Commerce / Bureau of Economic Analysis / Regional Economic Accounts"
